r,1,2,3,4,5,6,7,8
0.85,53.27135235,114.2261822,-24.93078544,-17.87465588,840.7265269,-12.84821059,-10.58636441,-164.9062672
0.8543,51.54867802,113.9580301,-24.71138824,-17.71213944,832.5925788,-12.00312507,-10.05006014,-164.914393
0.8586,49.82600368,113.6898779,-24.49199104,-17.54962299,824.4586306,-11.15803954,-9.51375586,-164.9225189
0.8629,48.10332935,113.4217258,-24.27259383,-17.38710654,816.3246824,-10.31295402,-8.97745159,-164.9306447
0.8672,46.38065501,113.1535737,-24.05319663,-17.2245901,808.1907343,-9.4678685,-8.44114732,-164.9387705
0.8715,44.65798068,112.8854215,-23.83379943,-17.06207365,800.0567861,-8.62278297,-7.90484304,-164.9468963
0.8758,42.93530634,112.6172694,-23.61440222,-16.8995572,791.922838,-7.77769745,-7.36853877,-164.9550221
0.8801,41.21263201,112.3491173,-23.39500502,-16.73704076,783.7888898,-6.93261193,-6.83223449,-164.963148
0.8844,39.48995767,112.0809651,-23.17560782,-16.57452431,775.6549417,-6.08752641,-6.29593022,-164.9712738
0.8887,37.76728334,111.812813,-22.95621061,-16.41200786,767.5209935,-5.24244088,-5.75962594,-164.9793996
0.893,36.044609,111.5446608,-22.73681341,-16.24949142,759.3870453,-4.39735536,-5.22332167,-164.9875254
0.8973,34.32193467,111.2765087,-22.51741621,-16.08697497,751.2530972,-3.55226984,-4.6870174,-164.9956513
0.9016,32.59926033,111.0083566,-22.298019,-15.92445852,743.119149,-2.70718431,-4.15071312,-165.0037771
0.9059,30.876586,110.7402044,-22.0786218,-15.76194208,734.9852009,-1.86209879,-3.61440885,-165.0119029
0.9102,29.15391166,110.4720523,-21.8592246,-15.59942563,726.8512527,-1.01701327,-3.07810457,-165.0200287
0.9145,27.43123733,110.2039002,-21.6398274,-15.43690918,718.7173045,-0.17192774,-2.5418003,-165.0281545
0.9188,25.70856299,109.935748,-21.42043019,-15.27439273,710.5833564,0.67315778,-2.00549603,-165.0362804
0.9231,23.98588866,109.6675959,-21.20103299,-15.11187629,702.4494082,1.5182433,-1.46919175,-165.0444062
0.9274,22.26321432,109.3994437,-20.98163579,-14.94935984,694.3154601,2.36332882,-0.93288748,-165.052532
0.9317,20.54053999,109.1312916,-20.76223858,-14.78684339,686.1815119,3.20841435,-0.3965832,-165.0606578
0.936,18.81786565,108.8631395,-20.54284138,-14.62432695,678.0475638,4.05349987,0.13972107,-165.0687837
0.9403,17.09519132,108.5949873,-20.32344418,-14.4618105,669.9136156,4.89858539,0.67602535,-165.0769095
0.9446,15.37251698,108.3268352,-20.10404697,-14.29929405,661.7796674,5.74367092,1.21232962,-165.0850353
0.9489,13.64984265,108.0586831,-19.88464977,-14.13677761,653.6457193,6.58875644,1.74863389,-165.0931611
0.9532,11.92716831,107.7905309,-19.66525257,-13.97426116,645.5117711,7.43384196,2.28493817,-165.1012869
0.9575,10.20449397,107.5223788,-19.44585536,-13.81174471,637.377823,8.27892748,2.82124244,-165.1094128
0.9618,8.48181964,107.2542266,-19.22645816,-13.64922827,629.2438748,9.12401301,3.35754672,-165.1175386
0.9661,6.7591453,106.9860745,-19.00706096,-13.48671182,621.1099266,9.96909853,3.89385099,-165.1256644
0.9704,5.03647097,106.7179224,-18.78766376,-13.32419537,612.9759785,10.81418405,4.43015526,-165.1337902
0.9747,3.31379663,106.4497702,-18.56826655,-13.16167893,604.8420303,11.65926958,4.96645954,-165.1419161
0.979,1.5911223,106.1816181,-18.34886935,-12.99916248,596.7080822,12.5043551,5.50276381,-165.1500419
0.9833,-0.13155204,105.913466,-18.12947215,-12.83664603,588.574134,13.34944062,6.03906809,-165.1581677
0.9876,-1.85422637,105.6453138,-17.91007494,-12.67412959,580.4401859,14.19452614,6.57537236,-165.1662935
0.9919,-3.5769007,105.3771617,-17.69067774,-12.51161314,572.3062378,15.03961166,7.11167663,-165.1744193
0.9962,-5.29957504,105.1090096,-17.47128054,-12.34909669,564.1722896,15.88469718,7.64798091,-165.1825452
1.0005,-7.02224937,104.8408574,-17.25188333,-12.18658025,556.0383414,16.72978271,8.18428518,-165.190671
1.0048,-8.74492371,104.5727053,-17.03248613,-12.0240638,547.9043932,17.57486824,8.72058946,-165.1987968
1.0091,-10.46759806,104.3045531,-16.81308893,-11.86154735,539.770445,18.41995377,9.25689373,-165.2069226
1.0134,-12.1902724,104.036401,-16.59369173,-11.69903091,531.6364967,19.2650393,9.79319801,-165.2150485
1.0177,-13.91294674,103.7682489,-16.37429452,-11.53651446,523.5025485,20.11012483,10.32950228,-165.2231743
1.022,-15.63562107,103.5000967,-16.15489732,-11.37399802,515.3686004,20.95521035,10.86580656,-165.2313001
1.0263,-17.35829539,103.2319446,-15.93550012,-11.21148157,507.2346524,21.80029585,11.40211083,-165.2394259
1.0306,-19.08096969,102.9637925,-15.71610291,-11.04896512,499.1007046,22.64538135,11.9384151,-165.2475517
1.0349,-20.80364399,102.6956403,-15.4967057,-10.88644867,490.9667569,23.49046684,12.47471937,-165.2556776
1.0392,-22.52631831,102.4274882,-15.2773085,-10.72393222,482.832809,24.33555234,13.01102364,-165.2638034
1.0435,-24.24899265,102.159336,-15.0579113,-10.56141577,474.6988608,25.18063787,13.54732792,-165.2719292
1.0478,-25.97166704,101.8911839,-14.8385141,-10.39889933,466.5649119,26.02572344,14.0836322,-165.280055
1.0521,-27.69434149,101.6230318,-14.61911691,-10.23638289,458.4309624,26.87080907,14.61993648,-165.2881809
1.0564,-29.41701596,101.3548796,-14.39971971,-10.07386646,450.2970127,27.71589471,15.15624077,-165.2963067
1.0607,-31.13969039,101.0867275,-14.18032252,-9.91135002,442.1630634,28.56098032,15.69254505,-165.3044325
1.065,-32.86236472,100.8185754,-13.96092532,-9.74883357,434.0291154,29.40606583,16.22884932,-165.3125583
1.0693,-34.58503887,100.5504232,-13.7415281,-9.58631711,425.8951693,30.2511512,16.76515358,-165.3206842
1.0736,-36.30771281,100.2822711,-13.52213086,-9.42380063,417.7612258,31.09623637,17.30145782,-165.32881
1.0779,-38.03038664,100.0141189,-13.30273361,-9.26128415,409.6272836,31.94132144,17.83776205,-165.3369358
1.0822,-39.75306058,99.7459668,-13.08333637,-9.09876768,401.4933401,32.78640661,18.37406629,-165.3450616
1.0865,-41.47573488,99.47781466,-12.86393917,-8.93625123,393.3593924,33.63149211,18.91037056,-165.3531874
1.0908,-43.19840977,99.20966253,-12.64454201,-8.77373482,385.2254377,34.47657812,19.44667488,-165.3613133
1.0951,-44.92108547,98.94151039,-12.42514493,-8.61121847,377.0914734,35.32166486,19.98297928,-165.3694391
1.0994,-46.6437617,98.67335826,-12.20574789,-8.44870216,368.9575029,36.16675207,20.51928372,-165.3775649
1.1037,-48.36643761,98.40520613,-11.98635083,-8.28618583,360.8235362,37.01183899,21.05558814,-165.3856907
1.108,-50.08911232,98.137054,-11.76695366,-8.12366941,352.6895836,37.85692485,21.59189245,-165.3938166
1.1123,-51.81178495,97.86890186,-11.54755631,-7.96115284,344.5556555,38.70200886,22.12819657,-165.4019424
1.1166,-53.53445465,97.6007497,-11.32815869,-7.79863606,336.4217621,39.54709025,22.66450043,-165.4100682
1.1209,-55.25712201,97.33259754,-11.10876088,-7.63611911,328.2878962,40.39216957,23.20080407,-165.418194
1.1252,-56.9797901,97.06444538,-10.88936312,-7.47360222,320.1540217,41.23724953,23.73710779,-165.4263198
1.1295,-58.70246221,96.79629323,-10.66996572,-7.31108562,312.0200999,42.08233306,24.27341186,-165.4344456
1.1338,-60.4251416,96.52814111,-10.45056896,-7.14856953,303.886092,42.92742309,24.80971659,-165.4425714
1.1381,-62.14783156,96.25998903,-10.23117314,-6.9860542,295.7519596,43.77252252,25.34602227,-165.4506973
1.1424,-63.8705313,95.99183698,-10.01177818,-6.82353957,287.6177117,44.61763067,25.88232882,-165.4588232
1.1467,-65.59323006,95.72368493,-9.79238313,-6.66102486,279.4834754,45.46273794,26.41863529,-165.4669491
1.151,-67.31591559,95.45553284,-9.57298692,-6.49850922,271.3493952,46.30783343,26.95494057,-165.475075
1.1553,-69.03857562,95.18738066,-9.35358845,-6.33599175,263.2156157,47.15290622,27.49124356,-165.4832008
1.1596,-70.76119792,94.91922835,-9.13418666,-6.17347159,255.0822815,47.9979454,28.02754316,-165.4913264
1.1639,-72.48378061,94.6510759,-8.91478136,-6.0109486,246.9494144,48.84294933,28.5638392,-165.4994519
1.1682,-74.2063605,94.38292342,-8.69537582,-5.84842541,238.8165804,49.68795076,29.10013498,-165.5075775
1.1725,-75.92898333,94.11477108,-8.47597407,-5.68590528,230.6832399,50.53299042,29.63643462,-165.5157031
1.1768,-77.65169483,93.84661904,-8.25658015,-5.52339149,222.5488533,51.37810903,30.17274224,-165.5238291
1.1811,-79.37454075,93.57846746,-8.03719809,-5.36088729,214.4128809,52.22334734,30.70906194,-165.5319554
1.1854,-81.09754192,93.31031644,-7.81782975,-5.19839418,206.2750771,53.06872388,31.24539559,-165.5400823
1.1897,-82.82057759,93.04216559,-7.59846445,-5.03590354,198.1368663,53.91413114,31.78173235,-165.5482093
1.194,-84.54347712,92.77401433,-7.37908713,-4.87340317,190.0002616,54.75941717,32.31805686,-165.5563359
1.1983,-86.26606977,92.50586204,-7.15968271,-4.71088089,181.867277,55.60442997,32.85435379,-165.5644614
1.2026,-87.98818485,92.23770812,-6.94023613,-4.54832451,173.7399264,56.44901752,33.3906078,-165.5725854
1.2069,-89.70970683,91.9695521,-6.72073718,-4.38572578,165.6195726,57.29307697,33.92680849,-165.5807075
1.2112,-91.43101222,91.70139509,-6.50121911,-4.22311158,157.5017738,58.13694358,34.4629897,-165.5888289
1.2155,-93.15273587,91.43323932,-6.28173797,-4.06052725,149.379041,58.9811826,34.99920852,-165.5969516
1.2198,-94.87551488,91.16508704,-6.06235001,-3.89801828,141.243858,59.82636132,35.5355222,-165.6050778
1.2241,-96.59998637,90.89694051,-5.84311148,-3.73563016,133.0887088,60.67304705,36.07198803,-165.6132094
1.2284,-98.32667792,90.62880176,-5.62406898,-3.57340057,124.9073694,61.52170955,36.60865341,-165.6213483
1.2327,-100.05449,90.36066779,-5.40512541,-3.41125098,116.7128109,62.37136979,37.14541952,-165.6294908
1.237,-101.7810766,90.09253043,-5.18607363,-3.24901389,108.5327095,63.21993884,37.68207547,-165.6376293
1.2413,-103.50406,89.82438127,-4.96670372,-3.08651951,100.3951156,64.06529953,38.21840752,-165.6457562
1.2456,-105.2210624,89.5562119,-4.74680571,-2.92359806,92.32807984,64.90533467,38.75420194,-165.6538636
1.2499,-106.9298894,89.2880142,-4.52618588,-2.76009284,84.35748839,65.73809044,39.28926148,-165.6619444
1.2542,-108.6334584,89.01979505,-4.30510179,-2.59621217,76.44892695,66.56616435,39.82384836,-165.6700082
1.2585,-110.3403491,88.75158394,-4.08431098,-2.43256869,68.50117862,67.39719598,40.35873384,-165.6780828
1.2628,-112.0594354,88.48341223,-3.86459699,-2.26979604,60.40955772,68.23908674,40.89471559,-165.686197
1.2671,-113.7995914,88.21531129,-3.6467433,-2.10852787,52.0693786,69.09973806,41.43259129,-165.6943796
1.2714,-115.5695832,87.94731239,-3.43152394,-1.94939015,43.3772251,69.98695551,41.97314895,-165.702659
1.2757,-117.3710381,87.6794272,-3.21908259,-1.79249905,34.31390105,70.90218799,42.51653485,-165.7110406
1.28,-119.1941064,87.41162323,-3.00854956,-1.63715126,24.99560337,71.83666522,43.06186357,-165.7194924
1.2843,-121.0279015,87.14386193,-2.79896364,-1.48256942,15.55076184,72.78069367,43.60815654,-165.727979
1.2886,-122.8615367,86.87610479,-2.5893636,-1.32797617,6.10780625,73.72457978,44.15443513,-165.736465
1.2929,-124.6841254,86.60831325,-2.37878823,-1.17259414,-3.20483363,74.65862998,44.69972075,-165.7449152
1.2972,-126.484781,86.34044879,-2.16627629,-1.01564596,-12.25872802,75.57315072,45.24303479,-165.7532942
1.3015,-128.2526168,86.07247286,-1.95086657,-0.85635429,-20.92544712,76.45844845,45.78339864,-165.7615667
1.3058,-129.9767463,85.80434695,-1.73159784,-0.69394174,-29.07656116,77.30482962,46.31983372,-165.7696972
1.3101,-131.6462827,85.5360325,-1.50750889,-0.52763097,-36.58364035,78.10260065,46.8513614,-165.7776505
1.3144,-133.2503395,85.26749099,-1.27763848,-0.3566446,-43.31825492,78.842068,47.3770031,-165.7853912
1.3187,-134.77803,84.99868388,-1.04102539,-0.18020528,-49.15197508,79.51353811,47.8957802,-165.792884
1.323,-136.2184675,84.72957264,-0.79670841,0.00246437,-53.95637114,80.10731744,48.40671409,-165.8000935
1.3273,-137.5639701,84.46010076,-0.54395536,0.1919409,-57.6457576,80.61679048,48.90906847,-165.8070113
1.3316,-138.8191737,84.19011163,-0.28291463,0.38802904,-60.29876431,81.04717426,49.40303839,-165.8137323
1.3359,-139.9916745,83.91941395,-0.01394613,0.59034803,-62.03349901,81.40652865,49.88904267,-165.8203762
1.3402,-141.089068,83.64781641,0.26259021,0.79851714,-62.96806944,81.70291352,50.36750013,-165.8270629
1.3445,-142.1189503,83.37512766,0.54633445,1.01215564,-63.22058334,81.94438873,50.8388296,-165.8339121
1.3488,-143.0889171,83.10115638,0.83692668,1.23088278,-62.90914844,82.13901416,51.3034499,-165.8410436
1.3531,-144.0065642,82.82571125,1.13400696,1.45431783,-62.15187248,82.29484967,51.76177985,-165.8485772
1.3574,-144.8794876,82.54860094,1.43721537,1.68208003,-61.0668632,82.41995513,52.21423829,-165.8566326
1.3617,-145.715283,82.26963412,1.74619198,1.91378867,-59.77222834,82.5223904,52.66124403,-165.8653296
1.366,-146.5215463,81.98861946,2.06057686,2.14906299,-58.38607563,82.61021536,53.1032159,-165.874788
1.3703,-147.3058733,81.70536563,2.38001009,2.38752227,-57.02651281,82.69148988,53.54057272,-165.8851275
1.3746,-148.0758599,81.41968131,2.70413173,2.62878575,-55.81164763,82.77427382,53.97373331,-165.8964679
1.3789,-148.8386064,81.13138682,3.03261227,2.8725011,-54.85082647,82.86605734,54.40308875,-165.9089148
1.3832,-149.5962167,80.84048849,3.36542859,3.11860222,-54.16506638,82.96858698,54.82875025,-165.9224304
1.3875,-150.3479011,80.54714209,3.7027351,3.36718884,-53.72422355,83.08028256,55.25066696,-165.9368939
1.3918,-151.0928346,80.25150762,4.04468835,3.61836271,-53.49752876,83.1995232,55.66878602,-165.9521835
1.3961,-151.8301919,79.95374507,4.3914449,3.87222556,-53.4542128,83.32468804,56.0830546,-165.9681773
1.4004,-152.5591479,79.65401444,4.74316132,4.12887915,-53.56350645,83.45415622,56.49341985,-165.9847535
1.4047,-153.2788776,79.35247574,5.09999417,4.38842521,-53.7946405,83.58630688,56.89982892,-166.0017904
1.409,-153.9885556,79.04928894,5.46210001,4.6509655,-54.11684573,83.71951915,57.30222898,-166.0191661
1.4133,-154.687357,78.74461406,5.8296354,4.91660175,-54.49935292,83.85217217,57.70056717,-166.0367587
1.4176,-155.3744566,78.43861109,6.20275691,5.18543572,-54.91139287,83.98264508,58.09479065,-166.0544465
1.4219,-156.0490292,78.13144003,6.58162109,5.45756914,-55.32219635,84.10931701,58.48484658,-166.0721077
1.4262,-156.7102498,77.82326087,6.96638451,5.73310377,-55.70099415,84.2305671,58.87068211,-166.0896204
1.4305,-157.3573041,77.51423258,7.3571992,6.01213997,-56.01743371,84.34479906,59.25224619,-166.1068647
1.4348,-157.9898085,77.20441865,7.75404175,6.29472503,-56.25732604,84.45137002,59.62955719,-166.1237898
1.4391,-158.6079372,76.89371037,8.15666104,6.58083729,-56.42745951,84.55087445,60.00272357,-166.1404355
1.4434,-159.2119019,76.581981,8.56479075,6.87045053,-56.5360225,84.6439894,60.37185981,-166.1568472
1.4477,-159.8019142,76.26910382,8.97816456,7.1635385,-56.59120336,84.73139192,60.73708038,-166.1730705
1.452,-160.3781859,75.95495208,9.39651615,7.46007496,-56.60119046,84.81375907,61.09849976,-166.1891511
1.4563,-160.9409284,75.63939904,9.8195792,7.76003366,-56.57417216,84.89176789,61.45623244,-166.2051344
1.4606,-161.4903536,75.32231798,10.24708738,8.06338837,-56.51833682,84.96609545,61.81039288,-166.2210661
1.4649,-162.0266729,75.00358215,10.67877439,8.37011285,-56.44187281,85.03741878,62.16109557,-166.2369917
1.4692,-162.5500981,74.68306483,11.1143739,8.68018085,-56.35296848,85.10641494,62.50845497,-166.2529568
1.4735,-163.0608408,74.36063926,11.5536196,8.99356614,-56.25981221,85.17376099,62.85258558,-166.269007
1.4778,-163.5591126,74.03617873,11.99624515,9.31024247,-56.17059235,85.24013397,63.19360187,-166.2851878
1.4821,-164.0451252,73.70955649,12.44198433,9.6301836,-56.09349586,85.30621083,63.53161828,-166.3015448
1.4864,-164.5191096,73.38066895,12.89068647,9.95336972,-56.03449597,85.37249471,63.86670627,-166.3181005
1.4907,-164.9813553,73.04951356,13.34255058,10.27980038,-55.99286968,85.43896307,64.19880718,-166.3348075
1.495,-165.4321627,72.71611535,13.79784154,10.60947881,-55.96663276,85.50549432,64.52783789,-166.3516055
1.4993,-165.8718323,72.38049934,14.25682422,10.94240822,-55.95380098,85.57196689,64.85371525,-166.3684338
1.5036,-166.3006647,72.04269056,14.71976347,11.27859183,-55.95239009,85.63825921,65.17635611,-166.3852321
1.5079,-166.7189603,71.70271402,15.18692417,11.61803287,-55.96041586,85.70424972,65.49567735,-166.4019398
1.5122,-167.1270196,71.36059476,15.65857118,11.96073455,-55.97589407,85.76981683,65.81159581,-166.4184966
1.5165,-167.5251431,71.01635779,16.13496939,12.30670008,-55.99684046,85.83483898,66.12402835,-166.4348418
1.5208,-167.9136313,70.67002813,16.61638364,12.65593269,-56.02127081,85.89919459,66.43289183,-166.4509151
1.5251,-168.2927847,70.32163082,17.10307882,13.0084356,-56.04720088,85.96276209,66.73810312,-166.466656
1.5294,-168.6629037,69.97119086,17.59531978,13.36421202,-56.07264643,86.02541991,67.03957906,-166.4820039
1.5337,-169.0242889,69.6187333,18.0933714,13.72326518,-56.09562324,86.08704647,67.33723653,-166.4968985
1.538,-169.3772061,69.26428322,18.59746484,14.08559911,-56.11434049,86.14754078,67.63101689,-166.5113001
1.5423,-169.7216539,68.90786667,19.10757187,14.45122422,-56.12849585,86.20696012,67.92105017,-166.5253301
1.5466,-170.0575072,68.54951026,19.62354383,14.82015386,-56.13847794,86.26543523,68.20755398,-166.5391842
1.5509,-170.38464,68.18924065,20.14523144,15.19240139,-56.1446792,86.32309728,68.49074641,-166.5530589
1.5552,-170.7029265,67.82708448,20.67248537,15.56798018,-56.14749206,86.38007744,68.77084555,-166.5671505
1.5595,-171.0122407,67.46306839,21.20515633,15.9469036,-56.14730892,86.43650687,69.04806948,-166.5816552
1.5638,-171.3124568,67.09721903,21.74309502,16.32918501,-56.14452223,86.49251671,69.3226363,-166.5967694
1.5681,-171.6034488,66.72956304,22.28615211,16.71483778,-56.1395244,86.54823815,69.59476409,-166.6126894
1.5724,-171.8850908,66.36012706,22.83417832,17.10387528,-56.13270787,86.60380232,69.86467093,-166.6296115
1.5767,-172.1572569,65.98893773,23.38702433,17.49631086,-56.12446506,86.65934041,70.13257493,-166.6477321
1.581,-172.4198212,65.6160217,23.94454084,17.89215791,-56.11518839,86.71498357,70.39869416,-166.6672475
1.5853,-172.6726578,65.24140562,24.50657854,18.29142978,-56.10527029,86.77086295,70.66324671,-166.688354
1.5896,-172.9156468,64.86511491,25.0729911,18.69413853,-56.09509762,86.82710579,70.92644393,-166.7112367
1.5939,-173.1488223,64.4871138,25.64370679,19.10026352,-56.08491718,86.8837401,71.18832736,-166.735801
1.5982,-173.3723797,64.10727769,26.21873233,19.50974969,-56.07482855,86.9406897,71.4487601,-166.7616579
1.6025,-173.5865221,63.72547497,26.79807815,19.92254035,-56.06492434,86.99787343,71.70759679,-166.7884046
1.6068,-173.7914527,63.34157405,27.38175467,20.33857882,-56.05529716,87.05521015,71.96469206,-166.8156381
1.6111,-173.9873747,62.95544333,27.96977233,20.75780842,-56.04603961,87.1126187,72.21990055,-166.8429556
1.6154,-174.174491,62.56695121,28.56214155,21.18017246,-56.03724431,87.17001794,72.47307691,-166.8699542
1.6197,-174.353005,62.1759661,29.15887277,21.60561426,-56.02900386,87.22732672,72.72407575,-166.896231
1.624,-174.5231197,61.78235641,29.75997642,22.03407713,-56.02141087,87.28446389,72.97275173,-166.9213832
1.6283,-174.6850383,61.38599053,30.36546292,22.4655044,-56.01455795,87.34134832,73.21895948,-166.9450077
1.6326,-174.8389639,60.98673687,30.9753427,22.89983937,-56.0085377,87.39789883,73.46255363,-166.9667019
1.6369,-174.9850996,60.58446383,31.58962619,23.33702537,-56.00344274,87.45403431,73.70338883,-166.9860627
1.6412,-175.1236484,60.17903983,32.20832363,23.77700567,-55.99936548,87.50967382,73.94132015,-167.0026881
1.6455,-175.2547477,59.7703932,32.83138534,24.2197097,-55.99634194,87.56480966,74.17633829,-167.0164031
1.6498,-175.3783777,59.35865776,33.45861805,24.66503378,-55.99427295,87.61960952,74.40875891,-167.0275772
1.6541,-175.4944956,58.94401132,34.08980741,25.11286935,-55.99303949,87.67426683,74.63894539,-167.0366599
1.6584,-175.6030585,58.5266317,34.7247391,25.56310786,-55.99252257,87.72897501,74.86726109,-167.0441007
1.6627,-175.7040237,58.10669671,35.36319878,26.01564075,-55.99260316,87.7839275,75.09406936,-167.0503488
1.667,-175.7973484,57.68438419,36.00497212,26.47035946,-55.99316227,87.83931773,75.31973359,-167.0558539
1.6713,-175.8829898,57.25987194,36.64984476,26.92715544,-55.99408087,87.89533913,75.54461712,-167.0610653
1.6756,-175.960905,56.83333778,37.29760239,27.38592013,-55.99523997,87.95218512,75.76908333,-167.0664325
1.6799,-176.0310513,56.40495954,37.94803065,27.84654499,-55.99652056,88.01004914,75.99349558,-167.0724049
1.6842,-176.0933859,55.97491502,38.60091522,28.30892145,-55.99780362,88.06912461,76.21821723,-167.0794319
1.6885,-176.1478659,55.54338205,39.25604176,28.77294095,-55.99897014,88.12960497,76.44361166,-167.087963
1.6928,-176.1944485,55.11053845,39.91319593,29.23849495,-55.99990112,88.19168365,76.67004221,-167.0984477
1.6971,-176.2330805,54.67653092,40.57222982,29.70549506,-56.00049766,88.25546792,76.89776028,-167.11123
1.7014,-176.2636464,54.24123087,41.23339177,30.17397324,-56.0007809,88.32055124,77.12634929,-167.1260263
1.7057,-176.2860076,53.80436605,41.89707642,30.64400589,-56.00081625,88.38633731,77.35514602,-167.142321
1.71,-176.3000256,53.36566293,42.56367863,31.11566947,-56.00066924,88.45222955,77.58348687,-167.1595982
1.7143,-176.3055619,52.924848,43.23359329,31.58904045,-56.00040537,88.51763135,77.81070823,-167.1773419
1.7186,-176.3024778,52.48164775,43.90721527,32.06419529,-56.00009014,88.58194615,78.03614651,-167.1950363
1.7229,-176.2906539,52.03580793,44.5849031,32.54120472,-55.99978508,88.64462248,78.25918555,-167.212197
1.7272,-176.2701573,51.5873719,45.26665917,33.02008318,-55.99951271,88.70555136,78.47967457,-167.2286484
1.7315,-176.2411611,51.13661713,45.95228408,33.50081325,-55.99927345,88.76487455,78.69772645,-167.2443903
1.7358,-176.2038394,50.68382742,46.6415761,33.98337711,-55.99906746,88.82273667,78.91345708,-167.2594243
1.7401,-176.1583663,50.22928654,47.33433351,34.46775698,-55.99889491,88.87928234,79.12698236,-167.2737521
1.7444,-176.1049162,49.77327828,48.03035457,34.95393506,-55.99875597,88.93465616,79.33841817,-167.2873753
1.7487,-176.0436632,49.31608643,48.72943758,35.44189353,-55.9986508,88.98900276,79.54788042,-167.3002956
1.753,-175.9747814,48.85799477,49.4313808,35.93161461,-55.99857957,89.04246676,79.75548499,-167.3125146
1.7573,-175.898445,48.39928708,50.13598251,36.42308049,-55.99854244,89.09519276,79.96134778,-167.324034
1.7616,-175.8148283,47.94024715,50.843041,36.91627337,-55.99853958,89.14732539,80.16558469,-167.3348554
1.7659,-175.7241054,47.48115877,51.55235454,37.41117545,-55.99857116,89.19900926,80.3683116,-167.3449805
1.7702,-175.6264506,47.02230572,52.2637214,37.90776894,-55.99863733,89.250389,80.56964442,-167.354411
1.7745,-175.5220379,46.56397178,52.97693986,38.40603603,-55.99873828,89.30160921,80.76969903,-167.3631484
1.7788,-175.4110416,46.10644074,53.69180821,38.90595892,-55.99887415,89.35281451,80.96859132,-167.3711946
1.7831,-175.2936359,45.64999639,54.40812471,39.40751982,-55.99904512,89.40414952,81.16643721,-167.378551
1.7874,-175.1699949,45.19492251,55.12568764,39.91070092,-55.99925136,89.45575886,81.36335256,-167.3852194
1.7917,-175.0402929,44.74150288,55.84429529,40.41548442,-55.99949302,89.50778714,81.55945329,-167.3912014
1.796,-174.904704,44.2900213,56.56374593,40.92185253,-55.99977028,89.56037897,81.75485528,-167.3964987
1.8003,-174.7634018,43.84076097,57.28383838,41.42978683,-56.00008324,89.61367841,81.94967447,-167.4011128
1.8046,-174.6164824,43.39365151,58.00443511,41.93919953,-56.00042511,89.66776285,82.14403263,-167.4050418
1.8089,-174.4638937,42.94766565,58.7255204,42.44986993,-56.00077587,89.72258218,82.33806263,-167.4082764
1.8132,-174.3055672,42.50161581,59.44709227,42.96156237,-56.00111405,89.77807184,82.5318986,-167.4108067
1.8175,-174.141434,42.05431444,60.16914876,43.47404115,-56.00141813,89.83416732,82.72567466,-167.4126227
1.8218,-173.9714255,41.60457398,60.89168788,43.9870706,-56.00166662,89.89080408,82.91952496,-167.4137144
1.8261,-173.7954729,41.15120687,61.61470767,44.50041503,-56.00183804,89.94791759,83.11358362,-167.4140719
1.8304,-173.6135076,40.69302555,62.33820616,45.01383876,-56.00191087,90.0054433,83.30798478,-167.4136852
1.8347,-173.4254609,40.22884245,63.06218137,45.52710611,-56.00186363,90.0633167,83.50286257,-167.4125443
1.839,-173.2312639,39.75747002,63.78663134,46.0399814,-56.00167481,90.12147325,83.69835111,-167.4106393
1.8433,-173.0308481,39.27772069,64.51155409,46.55222894,-56.00132293,90.1798484,83.89458455,-167.4079601
1.8476,-172.8241447,38.78840691,65.23694765,47.06361305,-56.00078648,90.23837764,84.09169701,-167.4044969
1.8519,-172.6110849,38.28834111,65.96281006,47.57389805,-56.00004397,90.29699643,84.28982262,-167.4002396
1.8562,-172.3916339,37.77686119,66.68910693,48.08289591,-55.99908978,90.35563872,84.48906124,-167.3951883
1.8605,-172.1659139,37.2568832,67.41565279,48.59064089,-55.9979923,90.41423146,84.68935283,-167.3893897
1.8648,-171.9340932,36.73281473,68.14221808,49.09723205,-55.99684153,90.47269951,84.89059072,-167.3829043
1.8691,-171.6963399,36.20906836,68.86857326,49.60276845,-55.99572746,90.53096777,85.09266828,-167.3757922
1.8734,-171.4528224,35.69005663,69.5944888,50.10734913,-55.99474005,90.58896112,85.29547885,-167.368114
1.8777,-171.2037086,35.18019211,70.31973514,50.61107315,-55.99396931,90.64660444,85.49891577,-167.3599299
1.882,-170.9491669,34.68388735,71.04408274,51.11403958,-55.99350522,90.7038226,85.7028724,-167.3513003
1.8863,-170.6893656,34.20555491,71.76730206,51.61634747,-55.99343776,90.76054051,85.90724208,-167.3422856
1.8906,-170.4244726,33.74960735,72.48916356,52.11809587,-55.99385692,90.81668303,86.11191817,-167.3329462
1.8949,-170.1546564,33.32045721,73.20943768,52.61938384,-55.99485268,90.87217505,86.316794,-167.3233423
1.8992,-169.880085,32.92251707,73.92789489,53.12031044,-55.99651504,90.92694145,86.52176292,-167.3135344
1.9035,-169.6009267,32.56019947,74.64430565,53.62097472,-55.99893397,90.98090712,86.72671829,-167.3035827
1.9078,-169.3173451,32.23759776,75.35845529,54.12146641,-56.00219096,91.03400326,86.93156007,-167.2935407
1.9121,-169.0294445,31.95208724,76.07031842,54.62175665,-56.00625929,91.08624148,87.13627237,-167.2833717
1.9164,-168.7372889,31.6946546,76.77999995,55.12173492,-56.0110378,91.13768874,87.34089724,-167.2729776
1.9207,-168.4409413,31.45603326,77.48760734,55.62128909,-56.01642385,91.18841309,87.54547786,-167.2622587
1.925,-168.1404645,31.22695661,78.19324806,56.12030706,-56.0223148,91.23848257,87.75005742,-167.2511156
1.9293,-167.8359218,30.99815807,78.89702956,56.61867669,-56.02860801,91.28796524,87.95467909,-167.2394486
1.9336,-167.5273759,30.76037104,79.59905932,57.11628588,-56.03520084,91.33692914,88.15938607,-167.2271584
1.9379,-167.2148901,30.50432893,80.29944481,57.61302249,-56.04199065,91.38544232,88.36422153,-167.2141453
1.9422,-166.8985272,30.22076513,80.99829348,58.10877441,-56.04887481,91.43357283,88.56922866,-167.2003099
1.9465,-166.5783502,29.90041306,81.6957128,58.60342952,-56.05575066,91.48138872,88.77445064,-167.1855526
1.9508,-166.2544223,29.53400613,82.39181024,59.0968757,-56.06251558,91.52895803,88.97993065,-167.1697739
1.9551,-165.9268064,29.11227774,83.08669327,59.58900082,-56.06906692,91.57634882,89.18571188,-167.1528742
1.9594,-165.5955654,28.62596129,83.78046934,60.07969277,-56.07530204,91.62362913,89.39183751,-167.1347541
1.9637,-165.2607625,28.0657902,84.47324594,60.56883942,-56.08111831,91.67086702,89.59835073,-167.115314
1.968,-164.9224605,27.42249786,85.16513051,61.05632867,-56.08641308,91.71813052,89.80529472,-167.0944544
1.9723,-164.5807226,26.68681769,85.85623053,61.54204837,-56.09108372,91.7654877,90.01271266,-167.0720758
1.9766,-164.2356118,25.84948308,86.54665346,62.02588643,-56.09502758,91.81300659,90.22064774,-167.0480786
1.9809,-163.8871909,24.90122745,87.23650677,62.50773071,-56.09814203,91.86075524,90.42914313,-167.0223634
1.9852,-163.5355238,23.83279058,87.92589692,62.98746904,-56.10032474,91.90880156,90.63824199,-166.9948309
1.9895,-163.1808717,22.67071272,88.61466264,63.464977,-56.10155531,91.9571741,90.84797608,-166.965472
1.9938,-162.8239579,21.56136825,89.30201542,63.94010137,-56.10200538,92.00580921,91.05835054,-166.9344888
1.9981,-162.465572,20.67617587,89.98707706,64.41268485,-56.10187402,92.05463007,91.26936671,-166.9021135
2.0024,-162.1065038,20.18655428,90.66896936,64.88257013,-56.10136029,92.10355984,91.48102592,-166.8685783
2.0067,-161.7475426,20.26392216,91.34681412,65.3495999,-56.10066327,92.1525217,91.6933295,-166.8341155
2.011,-161.3894783,21.07969821,92.01973314,65.81361684,-56.09998204,92.20143883,91.90627879,-166.7989571
2.0153,-161.032882,22.76335122,92.68705947,66.27451996,-56.09947461,92.25025281,92.11989045,-166.7632766
2.0196,-160.677526,25.22182087,93.34889972,66.73241447,-56.09914875,92.29897262,92.3342373,-166.7270313
2.0239,-160.3229996,28.28854202,94.00553754,67.18745278,-56.09897778,92.34762269,92.54940502,-166.6901292
2.0282,-159.9688919,31.7969033,94.6572566,67.63978728,-56.09893507,92.39622743,92.76547929,-166.6524784
2.0325,-159.6147923,35.58029335,95.30434056,68.08957039,-56.09899395,92.44481125,92.98254578,-166.6139869
2.0368,-159.2602901,39.47210081,95.94707306,68.5369545,-56.09912778,92.49339857,93.20069015,-166.5745628
2.0411,-158.9049745,43.3057143,96.58573778,68.98209203,-56.0993099,92.54201381,93.4199981,-166.5341139
2.0454,-158.5484347,46.91452246,97.22061835,69.42513537,-56.09951366,92.59068139,93.64055528,-166.4925485
2.0497,-158.1902601,50.13191393,97.85199845,69.86623694,-56.0997124,92.63942572,93.86244739,-166.4497744
2.054,-157.8300399,52.79127733,98.48016173,70.30554913,-56.09987948,92.68827122,94.08576008,-166.4056998
2.0583,-157.4673633,54.72600132,99.10539184,70.74322435,-56.09998824,92.7372423,94.31057903,-166.3602325
2.0626,-157.1018197,55.76947451,99.72797244,71.17941501,-56.10001202,92.78636339,94.53698993,-166.3132808
2.0669,-156.7330417,55.76560572,100.3481561,71.61425229,-56.09992783,92.83565333,94.76506674,-166.2647612
2.0712,-156.3610748,54.71576002,100.9658982,72.04766507,-56.09974752,92.88507793,94.99477197,-166.2146728
2.0755,-155.9861936,52.74253492,101.5809899,72.47947009,-56.09950225,92.93457358,95.2260063,-166.1630603
2.0798,-155.6086754,49.97164771,102.1932203,72.9094829,-56.09922339,92.98407636,95.45866976,-166.109969
2.0841,-155.228797,46.5288157,102.8023786,73.33751903,-56.09894231,93.03352236,95.69266239,-166.055444
2.0884,-154.8468356,42.53975618,103.408254,73.76339403,-56.09869038,93.08284765,95.92788421,-165.9995307
2.0927,-154.4630681,38.13018645,104.0106357,74.18692345,-56.09849897,93.13198831,96.16423527,-165.9422742
2.097,-154.0777718,33.42582382,104.6093129,74.60792283,-56.09839946,93.18088044,96.40161559,-165.8837197
2.1013,-153.6912235,28.55238557,105.2040748,75.02620772,-56.0984232,93.2294601,96.63992521,-165.8239126
2.1056,-153.3037004,23.63558902,105.7947106,75.44159364,-56.09860157,93.27766338,96.87906416,-165.7628979
2.1099,-152.9154795,18.80115146,106.3810095,75.85389616,-56.09896595,93.32542636,97.11893246,-165.700721
2.1142,-152.5268379,14.17479018,106.9627607,76.26293082,-56.09954769,93.37268512,97.35943016,-165.637427
2.1185,-152.1380499,9.88162314,107.5397563,76.66851566,-56.10037767,93.41937665,97.60045889,-165.5730604
2.1228,-151.7492941,5.99785442,108.1118933,77.07055737,-56.10146877,93.46546963,97.84197686,-165.5076355
2.1271,-151.3606303,2.51530355,108.6791985,77.46907285,-56.10281158,93.51097221,98.0840127,-165.4411295
2.1314,-150.9721104,-0.58257168,109.2417073,77.86408591,-56.10439525,93.55589502,98.32659941,-165.3735172
2.1357,-150.5837869,-3.31231349,109.7994547,78.25562036,-56.10620896,93.60024865,98.56977,-165.3047736
2.14,-150.1957117,-5.69046408,110.3524759,78.64369998,-56.10824186,93.64404373,98.81355749,-165.2348732
2.1443,-149.8079371,-7.73356568,110.9008062,79.02834859,-56.11048313,93.68729086,99.05799487,-165.1637911
2.1486,-149.4205153,-9.4581605,111.4444806,79.40958999,-56.11292193,93.73000067,99.30311518,-165.0915021
2.1529,-149.0334985,-10.88079075,111.9835344,79.78744798,-56.11554744,93.77218376,99.54895141,-165.0179808
2.1572,-148.6469387,-12.01799864,112.5180028,80.16194636,-56.11834881,93.81385074,99.79553657,-164.9432023
2.1615,-148.2608882,-12.88632639,113.0479209,80.53310894,-56.12131522,93.85501223,100.0429037,-164.8671413
2.1658,-147.8753993,-13.50231621,113.5733238,80.90095952,-56.12443583,93.89567885,100.2910858,-164.7897726
2.1701,-147.4905239,-13.88251032,114.0942468,81.2655219,-56.12769982,93.9358612,100.5401158,-164.7110711
2.1744,-147.1063144,-14.04345092,114.6107251,81.62681988,-56.13109634,93.9755699,100.7900268,-164.6310115
2.1787,-146.722823,-14.00168024,115.1227937,81.98487727,-56.13461457,94.01481556,101.0408518,-164.5495688
2.183,-146.3401016,-13.77374048,115.6304879,82.33971787,-56.13824367,94.0536088,101.2926238,-164.4667177
2.1873,-145.9582027,-13.37617387,116.1338429,82.69136548,-56.1419728,94.09196023,101.5453759,-164.3824331
2.1916,-145.5771783,-12.82552261,116.6328938,83.03984391,-56.14579115,94.12988046,101.7991409,-164.2966897
2.1959,-145.1970806,-12.13832891,117.1276758,83.38517695,-56.14968787,94.1673801,102.053952,-164.2094625
2.2002,-144.8179618,-11.331135,117.6182241,83.72738842,-56.15365213,94.20446977,102.3098421,-164.1207262
2.2045,-144.439874,-10.42048308,118.1045738,84.0665021,-56.1576731,94.24116009,102.5668443,-164.0304557
2.2088,-144.0628695,-9.42291537,118.5867601,84.40254181,-56.16173995,94.27746166,102.8249916,-163.9386257
2.2131,-143.6870005,-8.35497408,119.0648182,84.73553135,-56.16584184,94.31338509,103.0843169,-163.8452112
2.2174,-143.312319,-7.23320143,119.5387833,85.06549452,-56.16996794,94.34894101,103.3448533,-163.7501869
2.2217,-142.9388773,-6.07413963,120.0086906,85.39245513,-56.17410742,94.38414002,103.6066338,-163.6535277
2.226,-142.5667275,-4.89433089,120.4745751,85.71643697,-56.17824945,94.41899274,103.8696915,-163.5552084
2.2303,-142.1959219,-3.71031742,120.9364722,86.03746384,-56.18238318,94.45350977,104.1340592,-163.4552037
2.2346,-141.8265126,-2.53864145,121.3944169,86.35555956,-56.1864978,94.48770175,104.3997701,-163.3534887
2.2389,-141.4585518,-1.39584518,121.8484444,86.67074793,-56.19058247,94.52157926,104.6668571,-163.250038
2.2432,-141.0920917,-0.29847083,122.29859,86.98305273,-56.19462635,94.55515294,104.9353533,-163.1448264
2.2475,-140.7271843,0.73693939,122.7448887,87.29249779,-56.19861861,94.58843339,105.2052917,-163.0378289
2.2518,-140.3638807,1.69432018,123.1873749,87.59910668,-56.20254901,94.62143089,105.4767013,-162.9290214
2.2561,-140.0022159,2.56728471,123.6260704,87.90290024,-56.20641462,94.65415151,105.749564,-162.8183942
2.2604,-139.6422139,3.35845756,124.0609895,88.20389746,-56.21021744,94.6865985,106.0238294,-162.7059472
2.2647,-139.283899,4.07080663,124.4921458,88.50211732,-56.21395954,94.71877506,106.2994466,-162.5916806
2.269,-138.9272951,4.70729984,124.9195531,88.79757876,-56.21764302,94.75068438,106.5763648,-162.4755943
2.2733,-138.5724264,5.27090507,125.3432253,89.09030076,-56.22126996,94.78232965,106.8545329,-162.3576886
2.2776,-138.2193168,5.76459023,125.7631761,89.38030226,-56.22484244,94.81371408,107.1339002,-162.2379635
2.2819,-137.8679905,6.19132322,126.1794194,89.66760224,-56.22836254,94.84484085,107.4144158,-162.1164191
2.2862,-137.5184714,6.55407194,126.591969,89.95221966,-56.23183236,94.87571317,107.6960286,-161.9930555
2.2905,-137.1707837,6.85580429,127.0008387,90.23417347,-56.23525398,94.90633423,107.9786879,-161.8678729
2.2948,-136.8249513,7.09948818,127.4060422,90.51348263,-56.23862948,94.93670722,108.2623427,-161.7408713
2.2991,-136.4809984,7.2880915,127.8075934,90.79016612,-56.24196095,94.96683534,108.5469422,-161.6120509
2.3034,-136.138949,7.42458216,128.2055061,91.06424289,-56.24525047,94.99672179,108.8324354,-161.4814116
2.3077,-135.7988272,7.51192805,128.5997942,91.3357319,-56.24850013,95.02636975,109.1187715,-161.3489538
2.312,-135.4606569,7.55309708,128.9904713,91.60465211,-56.25171202,95.05578244,109.4058995,-161.2146774
2.3163,-135.1244623,7.55105714,129.3775513,91.87102248,-56.25488821,95.08496303,109.6937686,-161.0785825
2.3206,-134.7902674,7.50877615,129.7610481,92.13486198,-56.25803079,95.11391474,109.9823279,-160.9406693
2.3249,-134.4580963,7.42922199,130.1409753,92.39618957,-56.26114185,95.14264074,110.2715264,-160.8009378
2.3292,-134.127973,7.31536258,130.5173469,92.65502421,-56.26422347,95.17114425,110.5613133,-160.6593882
2.3335,-133.7999215,7.17016581,130.8901767,92.91138485,-56.26727774,95.19942845,110.8516376,-160.5160206
2.3378,-133.473966,6.99659958,131.2594783,93.16529047,-56.27030675,95.22749653,111.1424485,-160.370835
2.3421,-133.1501305,6.7976318,131.6252658,93.41676002,-56.27331257,95.25535171,111.4336951,-160.2238316
2.3464,-132.828439,6.57623036,131.9875527,93.66581246,-56.27629729,95.28299716,111.7253265,-160.0750105
2.3507,-132.5089156,6.33536316,132.346353,93.91246676,-56.279263,95.31043609,112.0172918,-159.9243718
2.355,-132.1915844,6.07799812,132.7016805,94.15674187,-56.28221178,95.33767169,112.30954,-159.7719155
2.3593,-131.8764693,5.80710312,133.0535489,94.39865676,-56.28514572,95.36470716,112.6020203,-159.6176418
2.3636,-131.5635945,5.52564607,133.4019721,94.63823039,-56.2880669,95.39154568,112.8946819,-159.4615508
2.3679,-131.252984,5.23659487,133.7469639,94.87548172,-56.29097741,95.41819047,113.1874737,-159.3036426
2.3722,-130.9446618,4.94291743,134.0885381,95.11042971,-56.29387933,95.44464471,113.4803449,-159.1439172
2.3765,-130.6386521,4.64758163,134.4267085,95.34309333,-56.29677474,95.4709116,113.7732447,-158.9823749
2.3808,-130.3349788,4.35355539,134.7614888,95.57349152,-56.29966574,95.49699434,114.066122,-158.8190156
2.3851,-130.0336617,4.0638066,135.0928938,95.80164264,-56.30255415,95.5228958,114.3589303,-158.6538425
2.3894,-129.7346956,3.7810648,135.420943,96.02756149,-56.30544036,95.54861717,114.6516471,-158.4868758
2.3937,-129.4380668,3.50616003,135.7456578,96.25126162,-56.30832423,95.57415899,114.9442584,-158.3181413
2.398,-129.1437612,3.2390139,136.0670592,96.4727566,-56.31120564,95.5995218,115.2367502,-158.1476653
2.4023,-128.8517652,2.97954235,136.3851688,96.69205997,-56.31408446,95.62470617,115.5291086,-157.9754737
2.4066,-128.5620648,2.72766131,136.7000077,96.9091853,-56.31696057,95.64971265,115.8213196,-157.8015927
2.4109,-128.2746462,2.48328673,137.0115972,97.12414614,-56.31983383,95.67454178,116.1133692,-157.6260483
2.4152,-127.9894956,2.24633454,137.3199586,97.33695606,-56.32270412,95.69919412,116.4052435,-157.4488666
2.4195,-127.706599,2.01672069,137.6251132,97.5476286,-56.32557131,95.72367022,116.6969285,-157.2700737
2.4238,-127.4259427,1.79436112,137.9270822,97.75617732,-56.32843527,95.74797063,116.9884102,-157.0896956
2.4281,-127.1475128,1.57917176,138.225887,97.96261579,-56.33129587,95.77209591,117.2796747,-156.9077585
2.4324,-126.8712953,1.37106856,138.5215488,98.16695755,-56.33415299,95.79604661,117.570708,-156.7242883
2.4367,-126.5972766,1.16996746,138.8140889,98.36921617,-56.3370065,95.81982327,117.8614961,-156.5393112
2.441,-126.3254427,0.9757844,139.1035286,98.5694052,-56.33985627,95.84342645,118.1520251,-156.3528533
2.4453,-126.0557798,0.78843532,139.3898892,98.76753821,-56.34270218,95.8668567,118.442281,-156.1649405
2.4496,-125.788274,0.60783616,139.6731919,98.96362874,-56.34554408,95.89011458,118.7322498,-155.975599
2.4539,-125.5229114,0.43390286,139.953458,99.15769035,-56.34838187,95.91320063,119.0219176,-155.7848549
2.4582,-125.2596783,0.26655135,140.2307088,99.3497366,-56.3512154,95.93611541,119.3112704,-155.5927342
2.4625,-124.9985608,0.10569759,140.5049657,99.53978105,-56.35404456,95.95885947,119.6002942,-155.3992629
2.4668,-124.7395449,-0.04874249,140.7762498,99.72783726,-56.3568692,95.98143336,119.888975,-155.2044673
2.4711,-124.4826169,-0.19685295,141.0445824,99.91391878,-56.35968922,96.00383764,120.177299,-155.0083733
2.4754,-124.227763,-0.33871785,141.3099848,100.0980392,-56.36250447,96.02607284,120.4652521,-154.811007
2.4797,-123.9749692,-0.47442125,141.5724784,100.280212,-56.36531483,96.04813954,120.7528203,-154.6123945
2.484,-123.7242217,-0.6040472,141.8320844,100.4604508,-56.36812017,96.07003827,121.0399897,-154.4125618
2.4883,-123.4755066,-0.72767977,142.088824,100.6387691,-56.37092037,96.09176959,121.3267464,-154.2115351
2.4926,-123.2288102,-0.84540302,142.3427186,100.8151806,-56.37371529,96.11333406,121.6130763,-154.0093403
2.4969,-122.9841185,-0.95730101,142.5937894,100.9896987,-56.37650481,96.13473222,121.8989655,-153.8060037
2.5012,-122.7414176,-1.06345779,142.8420577,101.162337,-56.3792888,96.15596462,122.1844,-153.6015512
2.5055,-122.5006939,-1.16395743,143.0875449,101.333109,-56.38206714,96.17703183,122.4693659,-153.3960089
2.5098,-122.2619333,-1.25888398,143.3302721,101.5020284,-56.38483968,96.19793438,122.7538492,-153.1894028
2.5141,-122.0251221,-1.34832151,143.5702606,101.6691087,-56.38760632,96.21867283,123.0378358,-152.9817592
2.5184,-121.7902463,-1.43235408,143.8075318,101.8343634,-56.39036691,96.23924774,123.321312,-152.773104
2.5227,-121.5572922,-1.51106574,144.0421069,101.9978061,-56.39312134,96.25965965,123.6042636,-152.5634633
2.527,-121.3262459,-1.58454055,144.2740072,102.1594504,-56.39586947,96.27990912,123.8866768,-152.3528632
2.5313,-121.0970935,-1.65286258,144.503254,102.3193098,-56.39861117,96.2999967,124.1685375,-152.1413297
2.5356,-120.8698212,-1.71611588,144.7298685,102.4773978,-56.40134632,96.31992294,124.4498317,-151.9288889
2.5399,-120.6444151,-1.77438451,144.9538721,102.6337281,-56.40407479,96.33968839,124.7305457,-151.715567
2.5442,-120.4208614,-1.82775254,145.175286,102.7883142,-56.40679645,96.35929361,125.0106652,-151.5013899
2.5485,-120.1991462,-1.87630401,145.3941315,102.9411696,-56.40951118,96.37873914,125.2901764,-151.2863837
2.5528,-119.9792557,-1.920123,145.6104299,103.0923079,-56.41221884,96.39802554,125.5690654,-151.0705746
2.5571,-119.7611759,-1.95929357,145.8242024,103.2417426,-56.41491931,96.41715336,125.8473181,-150.8539886
2.5614,-119.5448932,-1.99389976,146.0354704,103.3894874,-56.41761246,96.43612316,126.1249206,-150.6366517
2.5657,-119.3303936,-2.02402565,146.2442551,103.5355557,-56.42029816,96.45493547,126.4018589,-150.41859
2.57,-119.1176632,-2.04975528,146.4505778,103.6799611,-56.42297629,96.47359086,126.678119,-150.1998297
2.5743,-118.9066882,-2.07117273,146.6544598,103.8227173,-56.42564671,96.49208988,126.953687,-149.9803967
2.5786,-118.6974548,-2.08836204,146.8559224,103.9638376,-56.4283093,96.51043308,127.228549,-149.7603171
2.5829,-118.4899491,-2.10140729,147.0549868,104.1033358,-56.43096394,96.52862101,127.5026909,-149.5396171
2.5872,-118.2841573,-2.11039252,147.2516743,104.2412253,-56.43361048,96.54665423,127.7760987,-149.3183227
2.5915,-118.0800655,-2.1154018,147.4460063,104.3775198,-56.43624881,96.56453327,128.0487586,-149.0964599
2.5958,-117.8776598,-2.1165192,147.6380039,104.5122327,-56.4388788,96.58225871,128.3206565,-148.8740549
2.6001,-117.6769264,-2.11382876,147.8276885,104.6453776,-56.44150032,96.59983108,128.5917785,-148.6511337
2.6044,-117.4778514,-2.10741454,148.0150814,104.7769681,-56.44411324,96.61725095,128.8621106,-148.4277223
2.6087,-117.280421,-2.09736062,148.2002038,104.9070177,-56.44671743,96.63451885,129.1316389,-148.203847
2.613,-117.0846214,-2.08375104,148.383077,105.0355401,-56.44931277,96.65163535,129.4003493,-147.9795336
2.6173,-116.8904387,-2.06666987,148.5637223,105.1625486,-56.45189913,96.668601,129.6682279,-147.7548083
2.6216,-116.6978589,-2.04620116,148.7421609,105.288057,-56.45447638,96.68541635,129.9352608,-147.5296972
2.6259,-116.5068684,-2.02242898,148.9184142,105.4120788,-56.45704439,96.70208194,130.2014339,-147.3042264
2.6302,-116.3174532,-1.99543739,149.0925035,105.5346275,-56.45960303,96.71859834,130.4667334,-147.0784219
2.6345,-116.1295995,-1.96531044,149.2644499,105.6557167,-56.46215218,96.73496609,130.7311451,-146.8523097
2.6388,-115.9432934,-1.9321322,149.4342749,105.7753599,-56.46469171,96.75118574,130.9946553,-146.625916
2.6431,-115.7585211,-1.89598672,149.6019996,105.8935707,-56.46722149,96.76725785,131.2572499,-146.3992669
2.6474,-115.5752687,-1.85695806,149.7676454,106.0103626,-56.46974139,96.78318297,131.5189149,-146.1723883
2.6517,-115.3935224,-1.81513029,149.9312336,106.1257493,-56.47225129,96.79896166,131.7796363,-145.9453064
2.656,-115.2132683,-1.77058747,150.0927853,106.2397442,-56.47475105,96.81459445,132.0394003,-145.7180473
2.6603,-115.0344925,-1.72341364,150.252322,106.352361,-56.47724055,96.83008191,132.2981928,-145.490637
2.6646,-114.8571813,-1.67369288,150.4098648,106.4636131,-56.47971967,96.84542459,132.5559999,-145.2631016
2.6689,-114.6813207,-1.62150924,150.5654351,106.5735142,-56.48218827,96.86062303,132.8128076,-145.0354671
2.6732,-114.5068969,-1.56694678,150.7190541,106.6820778,-56.48464622,96.8756778,133.0686019,-144.8077597
2.6775,-114.3338961,-1.51008957,150.8707432,106.7893174,-56.4870934,96.89058943,133.3233688,-144.5800054
2.6818,-114.1623044,-1.45102165,151.0205235,106.8952466,-56.48952969,96.90535849,133.5770945,-144.3522303
2.6861,-113.992108,-1.3898271,151.1684165,106.999879,-56.49195494,96.91998553,133.8297649,-144.1244604
2.6904,-113.8232929,-1.32658997,151.3144433,107.1032281,-56.49436904,96.93447109,134.0813661,-143.8967219
2.6947,-113.6558454,-1.26139432,151.4586252,107.2053075,-56.49677185,96.94881574,134.3318841,-143.6690407
2.699,-113.4897516,-1.1943242,151.6009836,107.3061307,-56.49916326,96.96302001,134.5813049,-143.441443
2.7033,-113.3249976,-1.12546369,151.7415397,107.4057113,-56.50154312,96.97708447,134.8296145,-143.2139549
2.7076,-113.1615697,-1.05489684,151.8803147,107.5040629,-56.50391132,96.99100966,135.0767991,-142.9866024
2.7119,-112.9994538,-0.9827077,152.0173301,107.601199,-56.50626772,97.00479614,135.3228446,-142.7594116
2.7162,-112.8386363,-0.90898034,152.152607,107.6971332,-56.5086122,97.01844446,135.567737,-142.5324085
2.7205,-112.6791031,-0.83379882,152.2861667,107.7918789,-56.51094462,97.03195517,135.8114625,-142.3056193
2.7248,-112.5208406,-0.7572472,152.4180305,107.8854499,-56.51326487,97.04532883,136.054007,-142.0790699
2.7291,-112.3638348,-0.67940954,152.5482197,107.9778596,-56.51557281,97.05856597,136.2953565,-141.8527866
2.7334,-112.2080719,-0.60036989,152.6767556,108.0691215,-56.51786832,97.07166717,136.5354971,-141.6267953
2.7377,-112.0535379,-0.52021232,152.8036594,108.1592494,-56.52015127,97.08463296,136.7744149,-141.4011221
2.742,-111.9002192,-0.43902089,152.9289525,108.2482566,-56.52242152,97.0974639,137.0120958,-141.1757931
2.7463,-111.7481018,-0.35687965,153.0526561,108.3361568,-56.52467896,97.11016054,137.2485259,-140.9508344
2.7506,-111.5971719,-0.27387267,153.1747915,108.4229635,-56.52692345,97.12272344,137.4836912,-140.726272
2.7549,-111.4474155,-0.190084,153.2953799,108.5086903,-56.52915486,97.13515314,137.7175778,-140.5021321
2.7592,-111.298819,-0.10559771,153.4144427,108.5933508,-56.53137308,97.1474502,137.9501717,-140.2784406
2.7635,-111.1513683,-0.02049785,153.5320012,108.6769584,-56.53357797,97.15961517,138.1814588,-140.0552237
2.7678,-111.0050497,0.06513151,153.6480765,108.7595268,-56.53576939,97.1716486,138.4114254,-139.8325074
2.7721,-110.8598493,0.15120632,153.7626901,108.8410695,-56.53794724,97.18355104,138.6400573,-139.6103178
2.7764,-110.7157533,0.23764252,153.8758631,108.9216,-56.54011137,97.19532305,138.8673407,-139.3886809
2.7807,-110.5727478,0.32435604,153.9876169,109.001132,-56.54226166,97.20696517,139.0932615,-139.167623
2.785,-110.4308189,0.41126283,154.0979728,109.079679,-56.54439798,97.21847796,139.3178058,-138.9471699
2.7893,-110.2899528,0.49827883,154.2069519,109.1572544,-56.5465202,97.22986198,139.5409596,-138.7273478
2.7936,-110.1501357,0.58531997,154.3145757,109.233872,-56.5486282,97.24111776,139.762709,-138.5081828
2.7979,-110.0113536,0.67230221,154.4208653,109.3095453,-56.55072184,97.25224587,139.9830399,-138.2897009
2.8022,-109.8735928,0.75914147,154.5258421,109.3842877,-56.55280101,97.26324686,140.2019385,-138.0719283
2.8065,-109.7368394,0.8457537,154.6295274,109.4581129,-56.55486557,97.27412127,140.4193907,-137.8548909
2.8108,-109.6010796,0.93205485,154.7319424,109.5310344,-56.55691539,97.28486966,140.6353826,-137.6386148
2.8151,-109.4662994,1.01796084,154.8331083,109.6030658,-56.55895035,97.29549259,140.8499002,-137.4231262
2.8194,-109.332485,1.10338762,154.9330466,109.6742206,-56.56097031,97.3059906,141.0629296,-137.2084511
2.8237,-109.1996227,1.18825113,155.0317784,109.7445125,-56.56297516,97.31636424,141.2744567,-136.9946155
2.828,-109.0676984,1.27246732,155.1293251,109.8139548,-56.56496476,97.32661407,141.4844677,-136.7816456
2.8323,-108.9366985,1.35595211,155.2257079,109.8825613,-56.56693898,97.33674064,141.6929485,-136.5695674
2.8366,-108.8066089,1.43862146,155.3209481,109.9503455,-56.5688977,97.3467445,141.8998852,-136.358407
2.8409,-108.677416,1.5203913,155.415067,110.0173208,-56.57084079,97.3566262,142.1052638,-136.1481905
2.8452,-108.5491057,1.60117757,155.5080859,110.083501,-56.57276812,97.3663863,142.3090703,-135.9389438
2.8495,-108.4216643,1.68089621,155.600026,110.1488994,-56.57467956,97.37602534,142.5112908,-135.7306932
2.8538,-108.295078,1.75946316,155.6909087,110.2135298,-56.57657499,97.38554389,142.7119114,-135.5234647
2.8581,-108.1693328,1.83679437,155.7807551,110.2774056,-56.57845427,97.39494248,142.9109179,-135.3172842
2.8624,-108.0444149,1.91280578,155.8695867,110.3405404,-56.58031729,97.40422167,143.1082966,-135.1121781
2.8667,-107.9203105,1.98741332,155.9574246,110.4029478,-56.5821639,97.41338202,143.3040333,-134.9081722
2.871,-107.7970057,2.06053293,156.0442902,110.4646413,-56.58399399,97.42242408,143.4981142,-134.7052926
2.8753,-107.6744866,2.13208055,156.1302047,110.5256345,-56.58580743,97.43134839,143.6905253,-134.5035655
2.8796,-107.5527394,2.20197214,156.2151895,110.5859409,-56.58760408,97.44015551,143.8812526,-134.303017
2.8839,-107.4317503,2.27012361,156.2992657,110.6455741,-56.58938383,97.44884599,144.0702821,-134.1036729
2.8882,-107.3115054,2.33645093,156.3824547,110.7045477,-56.59114653,97.45742038,144.2575999,-133.9055596
2.8925,-107.1919908,2.40087002,156.4647778,110.7628751,-56.59289207,97.46587925,144.443192,-133.708703
2.8968,-107.0731927,2.46329682,156.5462562,110.82057,-56.59462032,97.47422312,144.6270445,-133.5131291
2.9011,-106.9550973,2.52364729,156.6269112,110.877646,-56.59633115,97.48245257,144.8091433,-133.3188642
2.9054,-106.8376907,2.58183735,156.7067641,110.9341165,-56.59802442,97.49056813,144.9894745,-133.1259341
2.9097,-106.720959,2.63778294,156.7858362,110.9899951,-56.59970002,97.49857037,145.1680241,-132.9343651
2.914,-106.6048897,2.69140002,156.8641473,111.0452946,-56.60135784,97.50645987,145.3447806,-132.7441803
2.9183,-106.4894802,2.74261621,156.9417061,111.1000211,-56.60299791,97.51423742,145.5197482,-132.5553825
2.9226,-106.3747318,2.79143637,157.0185172,111.1541784,-56.60462032,97.52190392,145.6929382,-132.3679661
2.9269,-106.2606458,2.8378967,157.0945849,111.2077701,-56.60622519,97.52946027,145.8643619,-132.1819253
2.9312,-106.1472235,2.88203349,157.1699136,111.2607999,-56.6078126,97.53690737,146.0340305,-131.9972544
2.9355,-106.0344665,2.92388302,157.2445076,111.3132714,-56.60938265,97.54424609,146.2019553,-131.8139477
2.9398,-105.9223759,2.96348158,157.3183713,111.3651883,-56.61093544,97.55147735,146.3681474,-131.6319994
2.9441,-105.8109532,3.00086545,157.3915091,111.4165541,-56.61247106,97.55860203,146.5326182,-131.4514038
2.9484,-105.7001998,3.03607092,157.4639252,111.4673726,-56.61398963,97.56562103,146.6953788,-131.2721553
2.9527,-105.5901169,3.06913427,157.5356242,111.5176474,-56.61549122,97.57253525,146.8564406,-131.0942479
2.957,-105.480706,3.10009179,157.6066103,111.5673821,-56.61697594,97.57934557,147.0158147,-130.9176762
2.9613,-105.3719684,3.12897976,157.6768879,111.6165804,-56.61844389,97.5860529,147.1735124,-130.7424342
2.9656,-105.2639055,3.15583446,157.7464613,111.665246,-56.61989516,97.59265812,147.3295449,-130.5685163
2.9699,-105.1565186,3.18069219,157.8153351,111.7133824,-56.62132986,97.59916214,147.4839236,-130.3959167
2.9742,-105.0498091,3.20358923,157.8835134,111.7609934,-56.62274807,97.60556584,147.6366596,-130.2246297
2.9785,-104.9437784,3.22456186,157.9510007,111.8080825,-56.62414991,97.61187013,147.7877641,-130.0546497
2.9828,-104.8384278,3.24364636,158.0178013,111.8546534,-56.62553545,97.61807589,147.9372485,-129.8859708
2.9871,-104.7337587,3.26087904,158.0839196,111.9007098,-56.62690481,97.62418402,148.0851239,-129.7185873
2.9914,-104.6297724,3.27629615,158.1493599,111.9462554,-56.62825807,97.63019542,148.2314017,-129.5524935
2.9957,-104.5264704,3.28993401,158.2141267,111.9912936,-56.62959535,97.63611097,148.376093,-129.3876837
3,-104.4238539,3.30182887,158.2782243,112.0358283,-56.63091673,97.64193159,148.5192091,-129.2241522
