r,1,2,3
0.85,76107.2918,104938.144,830232.946
0.85461,73926.8752,102934.669,804988.591
0.85922,71798.1397,100978.503,780679.928
0.86383,69720.0304,99068.5847,757267.53
0.86844,67691.5112,97203.8796,734713.83
0.87306,65711.5651,95383.3769,712983.021
0.87767,63779.1931,93606.0895,692040.97
0.88228,61893.4149,91871.0535,671855.124
0.88689,60053.2677,90177.3274,652394.44
0.8915,58257.8066,88523.9917,633629.295
0.89611,56506.1039,86910.1485,615531.424
0.90072,54797.2491,85334.9207,598073.848
0.90533,53130.3487,83797.4513,581230.807
0.90994,51504.5256,82296.9036,564977.702
0.91456,49918.9192,80832.46,549291.036
0.91917,48372.685,79403.3217,534148.361
0.92378,46864.9944,78008.7085,519528.222
0.92839,45395.0343,76647.8581,505410.114
0.933,43962.0072,75320.0256,491774.432
0.93761,42565.1307,74024.4833,478602.427
0.94222,41203.6373,72760.5201,465876.167
0.94683,39876.7743,71527.4411,453578.496
0.95144,38583.8033,70324.5672,441692.998
0.95606,37324.0004,69151.2349,430203.959
0.96067,36096.6555,68006.7955,419096.339
0.96528,34901.0726,66890.6151,408355.733
0.96989,33736.5691,65802.0741,397968.348
0.9745,32602.4758,64740.567,387920.971
0.97911,31498.1368,63705.5017,378200.942
0.98372,30422.9091,62696.2994,368796.127
0.98833,29376.1624,61712.3945,359694.9
0.99294,28357.2791,60753.2337,350886.111
0.99756,27365.6539,59818.2763,342359.071
1.00217,26400.6936,58906.9935,334103.528
1.00678,25461.817,58018.8681,326109.646
1.01139,24548.4547,57153.3945,318367.992
1.016,23660.0488,56310.0784,310869.51
1.02061,22796.0528,55488.436,303605.51
1.02522,21955.9313,54687.9945,296567.649
1.02983,21139.1601,53908.2913,289747.918
1.03444,20345.2256,53148.8738,283138.624
1.03906,19573.625,52409.2995,276732.378
1.04367,18823.8656,51689.1355,270522.083
1.04828,18095.4653,50987.9581,264500.919
1.05289,17387.952,50305.353,258662.331
1.0575,16700.8633,49640.9146,253000.019
1.06211,16033.7468,48994.2464,247507.929
1.06672,15386.1594,48364.9601,242180.236
1.07133,14757.6674,47752.6759,237011.34
1.07594,14147.8465,47157.0221,231995.855
1.08056,13556.2812,46577.6349,227128.6
1.08517,12982.565,46014.1583,222404.589
1.08978,12426.3,45466.2438,217819.023
1.09439,11887.0969,44933.5504,213367.287
1.099,11364.5747,44415.7443,209044.934
1.10361,10858.3606,43912.4985,204847.684
1.10822,10368.09,43423.4932,200771.417
1.11283,9893.40609,42948.4153,196812.163
1.11744,9433.95972,42486.958,192966.099
1.12206,8989.40944,42038.8212,189229.543
1.12667,8559.4212,41603.7109,185598.945
1.13128,8143.66823,41181.3394,182070.885
1.13589,7741.8309,40771.4247,178642.067
1.1405,7353.59658,40373.691,175309.313
1.14511,6978.65948,39987.8679,172069.559
1.14972,6616.72055,39613.6907,168919.852
1.15433,6267.48726,39250.9003,165857.343
1.15894,5930.67354,38899.2428,162879.283
1.16356,5605.99963,38558.4695,159983.022
1.16817,5293.1919,38228.3368,157166.001
1.17278,4991.98279,37908.6062,154425.754
1.17739,4702.11059,37599.044,151759.897
1.182,4423.31942,37299.4213,149166.132
1.18661,4155.35901,37009.5138,146642.24
1.19122,3897.98463,36729.1018,144186.077
1.19583,3650.95695,36457.9702,141795.574
1.20044,3414.04193,36195.9079,139468.733
1.20506,3187.01067,35942.7085,137203.623
1.20967,2969.63936,35698.1696,134998.381
1.21428,2761.70909,35462.0928,132851.204
1.21889,2563.00578,35234.2839,130760.351
1.2235,2373.32008,35014.5524,128724.142
1.22811,2192.44724,34802.7118,126740.948
1.23272,2020.187,34598.5793,124809.199
1.23733,1856.3435,34401.9757,122927.376
1.24194,1700.72518,34212.7256,121094.008
1.24656,1553.14467,34030.6569,119307.676
1.25117,1413.4187,33855.6012,117567.005
1.25578,1281.36798,33687.3932,115870.666
1.26039,1156.81714,33525.871,114217.374
1.265,1039.59464,33370.8761,112605.885
1.26961,929.53263,33222.253,111034.994
1.27422,826.46691,33079.8494,109503.538
1.27883,730.23682,32943.516,108010.389
1.28344,640.68517,32813.1065,106554.456
1.28806,557.65814,32688.4776,105134.682
1.29267,481.00522,32569.4887,103750.045
1.29728,410.5791,32456.0022,102399.554
1.30189,346.23563,32347.8831,101082.251
1.3065,287.8337,32244.9993,99797.2071
1.31111,235.23522,32147.221,98543.5218
1.31572,188.30499,32054.4214,97320.324
1.32033,146.91067,31966.476,96126.7694
1.32494,110.9227,31883.2629,94962.0396
1.32956,80.21423,31804.6625,93825.342
1.33417,54.66105,31730.5578,92715.9081
1.33878,34.14153,31660.834,91632.9932
1.34339,18.53657,31595.3787,90575.8751
1.348,7.72952,31534.0817,89543.8541
1.35261,1.60611,31476.8352,88536.2515
1.35722,0.05444,31423.5332,87552.4092
1.36183,2.96489,31374.0723,86591.689
1.36644,10.23004,31328.3508,85653.472
1.37106,21.74469,31286.2693,84737.1578
1.37567,37.40573,31247.7303,83842.1639
1.38028,57.11217,31212.6385,82967.9254
1.38489,80.76502,31180.9001,82113.8938
1.3895,108.26732,31152.4238,81279.5373
1.39411,139.52403,31127.1196,80464.3395
1.39872,174.44206,31104.8997,79667.7992
1.40333,212.93017,31085.678,78889.4301
1.40794,254.89896,31069.3702,78128.7599
1.41256,300.26084,31055.8937,77385.3301
1.41717,348.92998,31045.1677,76658.6957
1.42178,400.82229,31037.1128,75948.4244
1.42639,455.85536,31031.6516,75254.0965
1.431,513.94848,31028.7082,74575.3042
1.43561,575.02255,31028.2081,73911.6515
1.44022,639.00008,31030.0787,73262.7538
1.44483,705.80516,31034.2485,72628.2373
1.44944,775.36343,31040.648,72007.7389
1.45406,847.60202,31049.2087,71400.9058
1.45867,922.44958,31059.8638,70807.3952
1.46328,999.83619,31072.548,70226.8738
1.46789,1079.69339,31087.1971,69659.0178
1.4725,1161.95411,31103.7487,69103.5122
1.47711,1246.55265,31122.1412,68560.0512
1.48172,1333.42466,31142.3149,68028.3371
1.48633,1422.50714,31164.2109,67508.0807
1.49094,1513.73835,31187.7719,66999.0007
1.49556,1607.05784,31212.9418,66500.8235
1.50017,1702.40643,31239.6656,66013.2831
1.50478,1799.72611,31267.8895,65536.1207
1.50939,1898.96012,31297.5611,65069.0845
1.514,2000.05283,31328.6291,64611.9299
1.51861,2102.94979,31361.043,64164.4184
1.52322,2207.59765,31394.754,63726.3184
1.52783,2313.94416,31429.714,63297.4044
1.53244,2421.93817,31465.876,62877.4568
1.53706,2531.52956,31503.1942,62466.2621
1.54167,2642.66925,31541.6239,62063.6124
1.54628,2755.30916,31581.1212,61669.3054
1.55089,2869.40219,31621.6434,61283.1441
1.5555,2984.90223,31663.1486,60904.9367
1.56011,3101.76409,31705.5962,60534.4966
1.56472,3219.94349,31748.9461,60171.642
1.56933,3339.39706,31793.1596,59816.1959
1.57394,3460.08232,31838.1985,59467.9859
1.57856,3581.95761,31884.0259,59126.8442
1.58317,3704.98216,31930.6054,58792.6073
1.58778,3829.11596,31977.9017,58465.1158
1.59239,3954.31983,32025.8804,58144.2147
1.597,4080.55537,32074.5077,57829.7529
1.60161,4207.78492,32123.7509,57521.583
1.60622,4335.97158,32173.5779,57219.5617
1.61083,4465.07916,32223.9575,56923.5491
1.61544,4595.07218,32274.8592,56633.4089
1.62006,4725.91585,32326.2533,56349.0085
1.62467,4857.57604,32378.1109,56070.2184
1.62928,4990.0193,32430.4038,55796.9125
1.63389,5123.21279,32483.1044,55528.9678
1.6385,5257.1243,32536.1861,55266.2646
1.64311,5391.72225,32589.6226,55008.6858
1.64772,5526.97563,32643.3886,54756.1177
1.65233,5662.85401,32697.4594,54508.449
1.65694,5799.32752,32751.8108,54265.5716
1.66156,5936.36688,32806.4194,54027.3798
1.66617,6073.94328,32861.2624,53793.7705
1.67078,6212.0285,32916.3176,53564.6432
1.67539,6350.5948,32971.5634,53339.9
1.68,6489.61494,33026.9787,53119.4453
1.68461,6629.06216,33082.5433,52903.1857
1.68922,6768.91022,33138.2371,52691.0304
1.69383,6909.13329,33194.041,52482.8904
1.69844,7049.70603,33249.9361,52278.6793
1.70306,7190.60354,33305.9044,52078.3124
1.70767,7331.80136,33361.928,51881.7073
1.71228,7473.27544,33417.9899,51688.7835
1.71689,7615.00215,33474.0734,51499.4624
1.7215,7756.95829,33530.1623,51313.6673
1.72611,7899.12105,33586.2409,51131.3235
1.73072,8041.46798,33642.2941,50952.3577
1.73533,8183.97706,33698.3071,50776.6987
1.73994,8326.62663,33754.2656,50604.2769
1.74456,8469.39539,33810.1558,50435.0242
1.74917,8612.26241,33865.9644,50268.8742
1.75378,8755.20711,33921.6782,50105.7621
1.75839,8898.20927,33977.2849,49945.6246
1.763,9041.24901,34032.7721,49788.3999
1.76761,9184.30678,34088.1283,49634.0275
1.77222,9327.36337,34143.3421,49482.4486
1.77683,9470.3999,34198.4024,49333.6053
1.78144,9613.3978,34253.2988,49187.4416
1.78606,9756.33883,34308.021,49043.9023
1.79067,9899.20505,34362.5591,48902.9338
1.79528,10041.9788,34416.9036,48764.4836
1.79989,10184.6429,34471.0455,48628.5004
1.8045,10327.1802,34524.9757,48494.9341
1.80911,10469.5739,34578.686,48363.7357
1.81372,10611.8078,34632.168,48234.8573
1.81833,10753.8655,34685.4139,48108.2523
1.82294,10895.7313,34738.4162,47983.8748
1.82756,11037.3896,34791.1676,47861.6803
1.83217,11178.8252,34843.6612,47741.625
1.83678,11320.0228,34895.8902,47623.6662
1.84139,11460.9679,34947.8484,47507.7622
1.846,11601.646,34999.5295,47393.8722
1.85061,11742.0428,35050.9277,47281.9563
1.85522,11882.1444,35102.0374,47171.9755
1.85983,12021.9372,35152.8534,47063.8917
1.86444,12161.4076,35203.3704,46957.6674
1.86906,12300.5427,35253.5836,46853.2664
1.87367,12439.3294,35303.4885,46750.6528
1.87828,12577.7551,35353.0806,46649.7918
1.88289,12715.8074,35402.3558,46550.6493
1.8875,12853.4742,35451.3102,46453.1919
1.89211,12990.7437,35499.94,46357.3869
1.89672,13127.6041,35548.2417,46263.2025
1.90133,13264.044,35596.2119,46170.6072
1.90594,13400.0524,35643.8477,46079.5707
1.91056,13535.6183,35691.146,45990.0629
1.91517,13670.7311,35738.1041,45902.0546
1.91978,13805.3802,35784.7194,45815.5171
1.92439,13939.5556,35830.9896,45730.4225
1.929,14073.2472,35876.9125,45646.7432
1.93361,14206.4454,35922.486,45564.4525
1.93822,14339.1407,35967.7083,45483.5241
1.94283,14471.3237,36012.5777,45403.9323
1.94744,14602.9856,36057.0925,45325.6519
1.95206,14734.1174,36101.2515,45248.6582
1.95667,14864.7106,36145.0532,45172.9272
1.96128,14994.7568,36188.4967,45098.4352
1.96589,15124.248,36231.5809,45025.1591
1.9705,15253.1763,36274.305,44953.0764
1.97511,15381.5338,36316.6682,44882.1648
1.97972,15509.3133,36358.6701,44812.4026
1.98433,15636.5074,36400.31,44743.7686
1.98894,15763.109,36441.5878,44676.242
1.99356,15889.1115,36482.503,44609.8025
1.99817,16014.5081,36523.0557,44544.43
2.00278,16139.2925,36563.2459,44480.105
2.00739,16263.4584,36603.0735,44416.8084
2.012,16386.9999,36642.5388,44354.5215
2.01661,16509.9113,36681.6422,44293.2258
2.02122,16632.1868,36720.3839,44232.9035
2.02583,16753.8212,36758.7645,44173.5368
2.03044,16874.8093,36796.7846,44115.1085
2.03506,16995.146,36834.4448,44057.6016
2.03967,17114.8267,36871.7459,44000.9998
2.04428,17233.8466,36908.6886,43945.2865
2.04889,17352.2014,36945.274,43890.4461
2.0535,17469.8869,36981.5029,43836.4628
2.05811,17586.899,37017.3765,43783.3215
2.06272,17703.2339,37052.8958,43731.007
2.06733,17818.888,37088.0621,43679.5048
2.07194,17933.8577,37122.8765,43628.8005
2.07656,18048.1397,37157.3405,43578.88
2.08117,18161.731,37191.4553,43529.7294
2.08578,18274.6285,37225.2225,43481.3353
2.09039,18386.8295,37258.6435,43433.6843
2.095,18498.3314,37291.7198,43386.7634
2.09961,18609.1317,37324.4531,43340.5599
2.10422,18719.2282,37356.8451,43295.0613
2.10883,18828.6187,37388.8973,43250.2553
2.11344,18937.3012,37420.6116,43206.1299
2.11806,19045.274,37451.9897,43162.6732
2.12267,19152.5355,37483.0334,43119.8738
2.12728,19259.0841,37513.7446,43077.7203
2.13189,19364.9185,37544.1253,43036.2015
2.1365,19470.0375,37574.1773,42995.3067
2.14111,19574.4401,37603.9026,42955.025
2.14572,19678.1254,37633.3032,42915.3461
2.15033,19781.0926,37662.3812,42876.2595
2.15494,19883.3411,37691.1386,42837.7553
2.15956,19984.8704,37719.5775,42799.8235
2.16417,20085.6802,37747.7001,42762.4545
2.16878,20185.7703,37775.5084,42725.6387
2.17339,20285.1405,37803.0047,42689.3667
2.178,20383.791,37830.1911,42653.6295
2.18261,20481.7219,37857.0698,42618.4179
2.18722,20578.9336,37883.6431,42583.7233
2.19183,20675.4263,37909.9131,42549.5369
2.19644,20771.2007,37935.8823,42515.8503
2.20106,20866.2573,37961.5528,42482.6551
2.20567,20960.5971,37986.9269,42449.9431
2.21028,21054.2207,38012.007,42417.7064
2.21489,21147.1293,38036.7954,42385.937
2.2195,21239.3239,38061.2943,42354.6273
2.22411,21330.8057,38085.5062,42323.7695
2.22872,21421.5759,38109.4334,42293.3564
2.23333,21511.6361,38133.0781,42263.3806
2.23794,21600.9876,38156.4429,42233.8348
2.24256,21689.6321,38179.53,42204.7122
2.24717,21777.5712,38202.3419,42176.0057
2.25178,21864.8068,38224.8809,42147.7087
2.25639,21951.3406,38247.1494,42119.8143
2.261,22037.1746,38269.1497,42092.3161
2.26561,22122.3108,38290.8843,42065.2077
2.27022,22206.7514,38312.3556,42038.4828
2.27483,22290.4986,38333.5659,42012.1352
2.27944,22373.5545,38354.5176,41986.1588
2.28406,22455.9215,38375.2131,41960.5476
2.28867,22537.6021,38395.6548,41935.2958
2.29328,22618.5988,38415.845,41910.3976
2.29789,22698.914,38435.7862,41885.8475
2.3025,22778.5504,38455.4807,41861.6397
2.30711,22857.5108,38474.9309,41837.769
2.31172,22935.7977,38494.1391,41814.2299
2.31633,23013.4142,38513.1077,41791.0172
2.32094,23090.3629,38531.839,41768.1257
2.32556,23166.6469,38550.3355,41745.5504
2.33017,23242.2691,38568.5994,41723.2862
2.33478,23317.2325,38586.633,41701.3283
2.33939,23391.5403,38604.4387,41679.6719
2.344,23465.1956,38622.0188,41658.3123
2.34861,23538.2015,38639.3756,41637.2447
2.35322,23610.5613,38656.5113,41616.4647
2.35783,23682.2783,38673.4284,41595.9678
2.36244,23753.3557,38690.129,41575.7496
2.36706,23823.797,38706.6154,41555.8058
2.37167,23893.6054,38722.8899,41536.132
2.37628,23962.7846,38738.9547,41516.7242
2.38089,24031.3378,38754.812,41497.5783
2.3855,24099.2687,38770.464,41478.6901
2.39011,24166.5807,38785.9131,41460.0558
2.39472,24233.2775,38801.1613,41441.6715
2.39933,24299.3626,38816.2108,41423.5333
2.40394,24364.8396,38831.0638,41405.6375
2.40856,24429.7122,38845.7225,41387.9804
2.41317,24493.9841,38860.189,41370.5583
2.41778,24557.659,38874.4655,41353.3677
2.42239,24620.7405,38888.554,41336.405
2.427,24683.2326,38902.4566,41319.6669
2.43161,24745.1388,38916.1755,41303.1499
2.43622,24806.463,38929.7126,41286.8508
2.44083,24867.209,38943.0702,41270.7661
2.44544,24927.3806,38956.2501,41254.8928
2.45006,24986.9816,38969.2545,41239.2276
2.45467,25046.016,38982.0854,41223.7674
2.45928,25104.4874,38994.7447,41208.5092
2.46389,25162.3999,39007.2344,41193.4499
2.4685,25219.7572,39019.5565,41178.5867
2.47311,25276.5634,39031.713,41163.9165
2.47772,25332.8222,39043.7058,41149.4365
2.48233,25388.5375,39055.5368,41135.144
2.48694,25443.7134,39067.2079,41121.0361
2.49156,25498.3536,39078.721,41107.1101
2.49617,25552.4621,39090.0781,41093.3634
2.50078,25606.0429,39101.2808,41079.7933
2.50539,25659.0998,39112.3312,41066.3972
2.51,25711.6368,39123.231,41053.1725
2.51461,25763.6578,39133.982,41040.1169
2.51922,25815.1667,39144.5861,41027.2278
2.52383,25866.1675,39155.0449,41014.5028
2.52844,25916.664,39165.3604,41001.9394
2.53306,25966.6602,39175.5341,40989.5355
2.53767,26016.16,39185.5679,40977.2886
2.54228,26065.1673,39195.4635,40965.1964
2.54689,26113.686,39205.2225,40953.2569
2.5515,26161.72,39214.8467,40941.4677
2.55611,26209.2732,39224.3378,40929.8267
2.56072,26256.3494,39233.6973,40918.3317
2.56533,26302.9526,39242.9269,40906.9808
2.56994,26349.0866,39252.0282,40895.7718
2.57456,26394.7553,39261.0029,40884.7027
2.57917,26439.9624,39269.8526,40873.7715
2.58378,26484.7119,39278.5787,40862.9762
2.58839,26529.0076,39287.1829,40852.315
2.593,26572.8533,39295.6667,40841.7859
2.59761,26616.2528,39304.0316,40831.387
2.60222,26659.2098,39312.2792,40821.1166
2.60683,26701.7282,39320.4109,40810.9727
2.61144,26743.8117,39328.4283,40800.9537
2.61606,26785.464,39336.3327,40791.0578
2.62067,26826.6889,39344.1257,40781.2832
2.62528,26867.4902,39351.8086,40771.6283
2.62989,26907.8714,39359.3829,40762.0913
2.6345,26947.8363,39366.85,40752.6707
2.63911,26987.3886,39374.2113,40743.3648
2.64372,27026.5319,39381.4682,40734.1721
2.64833,27065.2699,39388.622,40725.0908
2.65294,27103.6061,39395.674,40716.1196
2.65756,27141.5442,39402.6256,40707.2569
2.66217,27179.0878,39409.4782,40698.5012
2.66678,27216.2404,39416.2329,40689.851
2.67139,27253.0055,39422.8912,40681.3048
2.676,27289.3868,39429.4542,40672.8613
2.68061,27325.3877,39435.9233,40664.5191
2.68522,27361.0116,39442.2996,40656.2767
2.68983,27396.2622,39448.5845,40648.1327
2.69444,27431.1427,39454.779,40640.0859
2.69906,27465.6567,39460.8845,40632.135
2.70367,27499.8076,39466.9021,40624.2785
2.70828,27533.5987,39472.833,40616.5153
2.71289,27567.0335,39478.6783,40608.8441
2.7175,27600.1152,39484.4392,40601.2636
2.72211,27632.8472,39490.1169,40593.7726
2.72672,27665.2328,39495.7124,40586.3699
2.73133,27697.2754,39501.2268,40579.0543
2.73594,27728.978,39506.6614,40571.8246
2.74056,27760.3441,39512.017,40564.6798
2.74517,27791.3768,39517.2949,40557.6186
2.74978,27822.0794,39522.496,40550.6399
2.75439,27852.4549,39527.6215,40543.7427
2.759,27882.5066,39532.6723,40536.9259
2.76361,27912.2376,39537.6494,40530.1883
2.76822,27941.651,39542.5539,40523.529
2.77283,27970.7499,39547.3868,40516.9468
2.77744,27999.5373,39552.149,40510.4409
2.78206,28028.0164,39556.8416,40504.0101
2.78667,28056.1901,39561.4654,40497.6535
2.79128,28084.0615,39566.0214,40491.37
2.79589,28111.6334,39570.5106,40485.1589
2.8005,28138.909,39574.9339,40479.019
2.80511,28165.891,39579.2922,40472.9495
2.80972,28192.5825,39583.5863,40466.9494
2.81433,28218.9863,39587.8173,40461.0179
2.81894,28245.1053,39591.9859,40455.154
2.82356,28270.9423,39596.0931,40449.3568
2.82817,28296.5001,39600.1396,40443.6256
2.83278,28321.7816,39604.1264,40437.9594
2.83739,28346.7895,39608.0542,40432.3574
2.842,28371.5267,39611.924,40426.8188
2.84661,28395.9957,39615.7365,40421.3427
2.85122,28420.1993,39619.4924,40415.9283
2.85583,28444.1403,39623.1927,40410.5749
2.86044,28467.8213,39626.8381,40405.2817
2.86506,28491.2449,39630.4294,40400.0478
2.86967,28514.4138,39633.9673,40394.8726
2.87428,28537.3305,39637.4525,40389.7553
2.87889,28559.9976,39640.8859,40384.6951
2.8835,28582.4178,39644.2682,40379.6914
2.88811,28604.5934,39647.6001,40374.7433
2.89272,28626.5271,39650.8822,40369.8502
2.89733,28648.2214,39654.1154,40365.0115
2.90194,28669.6786,39657.3003,40360.2263
2.90656,28690.9013,39660.4376,40355.4941
2.91117,28711.8919,39663.528,40350.8141
2.91578,28732.6528,39666.5721,40346.1857
2.92039,28753.1863,39669.5706,40341.6083
2.925,28773.4949,39672.5242,40337.0812
2.92961,28793.5809,39675.4335,40332.6038
2.93422,28813.4465,39678.2991,40328.1754
2.93883,28833.0942,39681.1217,40323.7955
2.94344,28852.5261,39683.9019,40319.4634
2.94806,28871.7446,39686.6402,40315.1786
2.95267,28890.7519,39689.3374,40310.9404
2.95728,28909.5501,39691.994,40306.7483
2.96189,28928.1416,39694.6105,40302.6018
2.9665,28946.5284,39697.1876,40298.5001
2.97111,28964.7127,39699.7259,40294.4429
2.97572,28982.6967,39702.2258,40290.4295
2.98033,29000.4825,39704.688,40286.4593
2.98494,29018.0722,39707.1129,40282.532
2.98956,29035.4679,39709.5012,40278.6469
2.99417,29052.6715,39711.8534,40274.8035
2.99878,29069.6852,39714.17,40271.0013
3.00339,29086.511,39716.4514,40267.2398
3.008,29103.1509,39718.6983,40263.5186
3.01261,29119.6068,39720.9112,40259.837
3.01722,29135.8808,39723.0904,40256.1947
3.02183,29151.9747,39725.2366,40252.5912
3.02644,29167.8905,39727.3502,40249.0259
3.03106,29183.63,39729.4316,40245.4985
3.03567,29199.1953,39731.4814,40242.0084
3.04028,29214.5881,39733.5,40238.5552
3.04489,29229.8104,39735.4879,40235.1385
3.0495,29244.8638,39737.4455,40231.7578
3.05411,29259.7503,39739.3733,40228.4128
3.05872,29274.4717,39741.2716,40225.1029
3.06333,29289.0296,39743.1411,40221.8277
3.06794,29303.426,39744.9819,40218.5868
3.07256,29317.6625,39746.7947,40215.3799
3.07717,29331.7409,39748.5798,40212.2065
3.08178,29345.6628,39750.3376,40209.0662
3.08639,29359.43,39752.0685,40205.9587
3.091,29373.0441,39753.7729,40202.8834
3.09561,29386.5068,39755.4512,40199.8401
3.10022,29399.8198,39757.1038,40196.8284
3.10483,29412.9846,39758.7311,40193.8479
3.10944,29426.0029,39760.3335,40190.8981
3.11406,29438.8762,39761.9113,40187.9789
3.11867,29451.6062,39763.4648,40185.0897
3.12328,29464.1944,39764.9945,40182.2303
3.12789,29476.6424,39766.5007,40179.4003
3.1325,29488.9516,39767.9838,40176.5994
3.13711,29501.1237,39769.444,40173.8272
3.14172,29513.16,39770.8818,40171.0833
3.14633,29525.0621,39772.2975,40168.3675
3.15094,29536.8314,39773.6914,40165.6794
3.15556,29548.4695,39775.0638,40163.0187
3.16017,29559.9776,39776.415,40160.3851
3.16478,29571.3574,39777.7455,40157.7782
3.16939,29582.6101,39779.0554,40155.1978
3.174,29593.7371,39780.3451,40152.6436
3.17861,29604.7399,39781.6149,40150.1152
3.18322,29615.6198,39782.8651,40147.6123
3.18783,29626.3781,39784.0959,40145.1347
3.19244,29637.0162,39785.3078,40142.682
3.19706,29647.5354,39786.5009,40140.254
3.20167,29657.9371,39787.6755,40137.8504
3.20628,29668.2225,39788.832,40135.471
3.21089,29678.3928,39789.9706,40133.1153
3.2155,29688.4494,39791.0915,40130.7832
3.22011,29698.3936,39792.1951,40128.4744
3.22472,29708.2265,39793.2816,40126.1887
3.22933,29717.9493,39794.3512,40123.9257
3.23394,29727.5634,39795.4042,40121.6852
3.23856,29737.0699,39796.4409,40119.4669
3.24317,29746.47,39797.4615,40117.2707
3.24778,29755.7648,39798.4663,40115.0962
3.25239,29764.9556,39799.4554,40112.9432
3.257,29774.0435,39800.4292,40110.8115
3.26161,29783.0296,39801.3878,40108.7007
3.26622,29791.915,39802.3315,40106.6108
3.27083,29800.701,39803.2606,40104.5414
3.27544,29809.3885,39804.1751,40102.4924
3.28006,29817.9786,39805.0755,40100.4634
3.28467,29826.4726,39805.9618,40098.4544
3.28928,29834.8713,39806.8343,40096.4649
3.29389,29843.1759,39807.6932,40094.4949
3.2985,29851.3874,39808.5387,40092.5441
3.30311,29859.5069,39809.371,40090.6123
3.30772,29867.5353,39810.1904,40088.6993
3.31233,29875.4738,39810.9969,40086.8048
3.31694,29883.3232,39811.7909,40084.9287
3.32156,29891.0846,39812.5725,40083.0708
3.32617,29898.759,39813.3418,40081.2309
3.33078,29906.3473,39814.0991,40079.4087
3.33539,29913.8505,39814.8446,40077.6041
3.34,29921.2695,39815.5785,40075.8169
3.34461,29928.6053,39816.3008,40074.0469
3.34922,29935.8588,39817.0118,40072.2938
3.35383,29943.0309,39817.7118,40070.5576
3.35844,29950.1226,39818.4007,40068.838
3.36306,29957.1347,39819.0789,40067.1349
3.36767,29964.0681,39819.7464,40065.448
3.37228,29970.9237,39820.4035,40063.7772
3.37689,29977.7023,39821.0502,40062.1224
3.3815,29984.4049,39821.6869,40060.4832
3.38611,29991.0323,39822.3135,40058.8597
3.39072,29997.5853,39822.9303,40057.2515
3.39533,30004.0647,39823.5374,40055.6586
3.39994,30010.4714,39824.135,40054.0808
3.40456,30016.8062,39824.7232,40052.5179
3.40917,30023.0698,39825.3022,40050.9697
3.41378,30029.2632,39825.872,40049.4361
3.41839,30035.387,39826.4329,40047.9169
3.423,30041.4421,39826.985,40046.412
3.42761,30047.4292,39827.5284,40044.9213
3.43222,30053.349,39828.0632,40043.4445
3.43683,30059.2024,39828.5897,40041.9815
3.44144,30064.9901,39829.1078,40040.5322
3.44606,30070.7128,39829.6178,40039.0965
3.45067,30076.3713,39830.1197,40037.6741
3.45528,30081.9662,39830.6138,40036.265
3.45989,30087.4982,39831.1,40034.8689
3.4645,30092.9682,39831.5786,40033.4859
3.46911,30098.3767,39832.0497,40032.1156
3.47372,30103.7245,39832.5133,40030.7581
3.47833,30109.0123,39832.9696,40029.4131
3.48294,30114.2406,39833.4187,40028.0805
3.48756,30119.4103,39833.8607,40026.7602
3.49217,30124.5219,39834.2957,40025.4521
3.49678,30129.5761,39834.7238,40024.156
3.50139,30134.5735,39835.1452,40022.8718
3.506,30139.5149,39835.56,40021.5994
3.51061,30144.4007,39835.9681,40020.3387
3.51522,30149.2317,39836.3699,40019.0895
3.51983,30154.0084,39836.7652,40017.8518
3.52444,30158.7315,39837.1543,40016.6253
3.52906,30163.4015,39837.5373,40015.41
3.53367,30168.0191,39837.9142,40014.2058
3.53828,30172.5849,39838.2851,40013.0125
3.54289,30177.0994,39838.6502,40011.83
3.5475,30181.5632,39839.0095,40010.6583
3.55211,30185.9768,39839.3631,40009.4972
3.55672,30190.3409,39839.711,40008.3466
3.56133,30194.656,39840.0535,40007.2064
3.56594,30198.9227,39840.3905,40006.0765
3.57056,30203.1414,39840.7222,40004.9568
3.57517,30207.3128,39841.0487,40003.8471
3.57978,30211.4374,39841.3699,40002.7474
3.58439,30215.5156,39841.6861,40001.6576
3.589,30219.5481,39841.9972,40000.5775
3.59361,30223.5352,39842.3034,39999.5072
3.59822,30227.4777,39842.6048,39998.4464
3.60283,30231.3758,39842.9013,39997.395
3.60744,30235.2302,39843.1932,39996.3531
3.61206,30239.0414,39843.4804,39995.3204
3.61667,30242.8097,39843.7631,39994.2969
3.62128,30246.5358,39844.0412,39993.2825
3.62589,30250.22,39844.3149,39992.2771
3.6305,30253.8629,39844.5843,39991.2806
3.63511,30257.4649,39844.8494,39990.293
3.63972,30261.0264,39845.1103,39989.314
3.64433,30264.548,39845.367,39988.3437
3.64894,30268.0301,39845.6197,39987.382
3.65356,30271.4731,39845.8683,39986.4288
3.65817,30274.8774,39846.1129,39985.4839
3.66278,30278.2436,39846.3537,39984.5473
3.66739,30281.572,39846.5906,39983.6189
3.672,30284.863,39846.8238,39982.6987
3.67661,30288.1171,39847.0532,39981.7865
3.68122,30291.3347,39847.279,39980.8823
3.68583,30294.5162,39847.5012,39979.986
3.69044,30297.6621,39847.7199,39979.0975
3.69506,30300.7726,39847.935,39978.2168
3.69967,30303.8482,39848.1468,39977.3437
3.70428,30306.8893,39848.3551,39976.4782
3.70889,30309.8964,39848.5601,39975.6202
3.7135,30312.8697,39848.7619,39974.7696
3.71811,30315.8096,39848.9604,39973.9264
3.72272,30318.7166,39849.1558,39973.0905
3.72733,30321.591,39849.348,39972.2618
3.73194,30324.4331,39849.5372,39971.4403
3.73656,30327.2434,39849.7234,39970.6258
3.74117,30330.0221,39849.9065,39969.8183
3.74578,30332.7697,39850.0868,39969.0178
3.75039,30335.4865,39850.2642,39968.2241
3.755,30338.1729,39850.4387,39967.4372
3.75961,30340.8291,39850.6105,39966.6571
3.76422,30343.4556,39850.7795,39965.8836
3.76883,30346.0526,39850.9458,39965.1168
3.77344,30348.6205,39851.1094,39964.3565
3.77806,30351.1596,39851.2704,39963.6026
3.78267,30353.6703,39851.4289,39962.8552
3.78728,30356.1528,39851.5848,39962.1141
3.79189,30358.6075,39851.7382,39961.3793
3.7965,30361.0347,39851.8891,39960.6508
3.80111,30363.4347,39852.0377,39959.9284
3.80572,30365.8078,39852.1838,39959.2121
3.81033,30368.1544,39852.3277,39958.5018
3.81494,30370.4746,39852.4692,39957.7976
3.81956,30372.7689,39852.6084,39957.0993
3.82417,30375.0374,39852.7455,39956.4069
3.82878,30377.2806,39852.8803,39955.7202
3.83339,30379.4986,39853.0129,39955.0394
3.838,30381.6918,39853.1435,39954.3642
3.84261,30383.8604,39853.2719,39953.6948
3.84722,30386.0047,39853.3983,39953.0309
3.85183,30388.125,39853.5227,39952.3725
3.85644,30390.2216,39853.645,39951.7197
3.86106,30392.2947,39853.7654,39951.0723
3.86567,30394.3446,39853.8839,39950.4303
3.87028,30396.3716,39854.0005,39949.7936
3.87489,30398.3758,39854.1152,39949.1622
3.8795,30400.3577,39854.228,39948.536
3.88411,30402.3173,39854.339,39947.9151
3.88872,30404.255,39854.4483,39947.2992
3.89333,30406.1711,39854.5558,39946.6885
3.89794,30408.0656,39854.6616,39946.0828
3.90256,30409.939,39854.7657,39945.4821
3.90717,30411.7915,39854.8681,39944.8864
3.91178,30413.6232,39854.9688,39944.2955
3.91639,30415.4344,39855.068,39943.7095
3.921,30417.2253,39855.1655,39943.1283
3.92561,30418.9962,39855.2615,39942.5519
3.93022,30420.7473,39855.3559,39941.9802
3.93483,30422.4789,39855.4489,39941.4132
3.93944,30424.191,39855.5403,39940.8508
3.94406,30425.884,39855.6302,39940.293
3.94867,30427.5581,39855.7187,39939.7398
3.95328,30429.2135,39855.8058,39939.191
3.95789,30430.8503,39855.8915,39938.6467
3.9625,30432.4689,39855.9758,39938.1069
3.96711,30434.0694,39856.0587,39937.5714
3.97172,30435.6519,39856.1404,39937.0402
3.97633,30437.2168,39856.2207,39936.5134
3.98094,30438.7642,39856.2997,39935.9908
3.98556,30440.2943,39856.3774,39935.4724
3.99017,30441.8073,39856.4539,39934.9582
3.99478,30443.3034,39856.5291,39934.4482
3.99939,30444.7828,39856.6032,39933.9422
4.004,30446.2456,39856.676,39933.4403
4.00861,30447.6921,39856.7477,39932.9425
4.01322,30449.1224,39856.8182,39932.4487
4.01783,30450.5368,39856.8876,39931.9588
4.02244,30451.9354,39856.9558,39931.4728
4.02706,30453.3183,39857.023,39930.9907
4.03167,30454.6858,39857.089,39930.5124
4.03628,30456.0381,39857.1541,39930.038
4.04089,30457.3752,39857.218,39929.5674
4.0455,30458.6974,39857.281,39929.1004
4.05011,30460.0048,39857.3429,39928.6373
4.05472,30461.2977,39857.4038,39928.1777
4.05933,30462.5761,39857.4637,39927.7219
4.06394,30463.8402,39857.5227,39927.2696
4.06856,30465.0902,39857.5807,39926.8209
4.07317,30466.3263,39857.6378,39926.3758
4.07778,30467.5486,39857.6939,39925.9341
4.08239,30468.7572,39857.7492,39925.496
4.087,30469.9524,39857.8035,39925.0613
4.09161,30471.1342,39857.857,39924.63
4.09622,30472.3028,39857.9096,39924.2021
4.10083,30473.4584,39857.9614,39923.7776
4.10544,30474.6011,39858.0123,39923.3564
4.11006,30475.7311,39858.0625,39922.9385
4.11467,30476.8485,39858.1118,39922.5239
4.11928,30477.9533,39858.1603,39922.1125
4.12389,30479.0459,39858.208,39921.7043
4.1285,30480.1263,39858.2549,39921.2993
4.13311,30481.1946,39858.3011,39920.8974
4.13772,30482.2511,39858.3466,39920.4987
4.14233,30483.2957,39858.3913,39920.1031
4.14694,30484.3287,39858.4352,39919.7105
4.15156,30485.3502,39858.4785,39919.321
4.15617,30486.3603,39858.5211,39918.9345
4.16078,30487.3591,39858.563,39918.551
4.16539,30488.3469,39858.6042,39918.1705
4.17,30489.3236,39858.6447,39917.7929
4.17461,30490.2894,39858.6846,39917.4182
4.17922,30491.2444,39858.7239,39917.0464
4.18383,30492.1889,39858.7625,39916.6775
4.18844,30493.1227,39858.8004,39916.3114
4.19306,30494.0462,39858.8378,39915.9481
4.19767,30494.9594,39858.8746,39915.5876
4.20228,30495.8625,39858.9107,39915.2298
4.20689,30496.7554,39858.9463,39914.8748
4.2115,30497.6385,39858.9813,39914.5225
4.21611,30498.5117,39859.0158,39914.1729
4.22072,30499.3751,39859.0496,39913.8259
4.22533,30500.229,39859.083,39913.4816
4.22994,30501.0733,39859.1158,39913.14
4.23456,30501.9083,39859.148,39912.8009
4.23917,30502.7339,39859.1798,39912.4644
4.24378,30503.5504,39859.211,39912.1304
4.24839,30504.3578,39859.2417,39911.799
4.253,30505.1562,39859.2719,39911.4701
4.25761,30505.9457,39859.3017,39911.1437
4.26222,30506.7264,39859.3309,39910.8197
4.26683,30507.4984,39859.3597,39910.4982
4.27144,30508.2618,39859.388,39910.1791
4.27606,30509.0168,39859.4159,39909.8624
4.28067,30509.7633,39859.4433,39909.5481
4.28528,30510.5016,39859.4702,39909.2361
4.28989,30511.2316,39859.4967,39908.9265
4.2945,30511.9535,39859.5228,39908.6192
4.29911,30512.6674,39859.5485,39908.3142
4.30372,30513.3733,39859.5737,39908.0115
4.30833,30514.0714,39859.5986,39907.7111
4.31294,30514.7617,39859.623,39907.4129
4.31756,30515.4444,39859.647,39907.1169
4.32217,30516.1195,39859.6707,39906.8231
4.32678,30516.787,39859.694,39906.5315
4.33139,30517.4471,39859.7169,39906.2421
4.336,30518.0999,39859.7394,39905.9548
4.34061,30518.7455,39859.7615,39905.6697
4.34522,30519.3838,39859.7833,39905.3867
4.34983,30520.0151,39859.8048,39905.1057
4.35444,30520.6394,39859.8258,39904.8269
4.35906,30521.2567,39859.8466,39904.5501
4.36367,30521.8671,39859.867,39904.2753
4.36828,30522.4708,39859.8871,39904.0026
4.37289,30523.0678,39859.9068,39903.7319
4.3775,30523.6581,39859.9263,39903.4631
4.38211,30524.2419,39859.9454,39903.1964
4.38672,30524.8192,39859.9642,39902.9316
4.39133,30525.3901,39859.9827,39902.6687
4.39594,30525.9546,39860.0009,39902.4078
4.40056,30526.5129,39860.0188,39902.1488
4.40517,30527.065,39860.0364,39901.8916
4.40978,30527.6109,39860.0538,39901.6364
4.41439,30528.1508,39860.0708,39901.383
4.419,30528.6847,39860.0876,39901.1314
4.42361,30529.2126,39860.1041,39900.8817
4.42822,30529.7347,39860.1203,39900.6338
4.43283,30530.251,39860.1363,39900.3877
4.43744,30530.7616,39860.152,39900.1434
4.44206,30531.2665,39860.1674,39899.9008
4.44667,30531.7658,39860.1826,39899.66
4.45128,30532.2596,39860.1976,39899.421
4.45589,30532.7479,39860.2123,39899.1837
4.4605,30533.2307,39860.2268,39898.9481
4.46511,30533.7083,39860.241,39898.7142
4.46972,30534.1805,39860.255,39898.4819
4.47433,30534.6474,39860.2688,39898.2514
4.47894,30535.1092,39860.2823,39898.0225
4.48356,30535.5659,39860.2957,39897.7952
4.48817,30536.0175,39860.3088,39897.5696
4.49278,30536.4641,39860.3217,39897.3456
4.49739,30536.9057,39860.3344,39897.1232
4.502,30537.3425,39860.3469,39896.9024
4.50661,30537.7744,39860.3591,39896.6832
4.51122,30538.2015,39860.3712,39896.4655
4.51583,30538.6239,39860.3831,39896.2494
4.52044,30539.0416,39860.3948,39896.0348
4.52506,30539.4546,39860.4063,39895.8217
4.52967,30539.8631,39860.4176,39895.6102
4.53428,30540.2671,39860.4288,39895.4002
4.53889,30540.6666,39860.4397,39895.1916
4.5435,30541.0616,39860.4505,39894.9846
4.54811,30541.4523,39860.4611,39894.779
4.55272,30541.8387,39860.4715,39894.5748
4.55733,30542.2207,39860.4818,39894.3721
4.56194,30542.5985,39860.4918,39894.1708
4.56656,30542.9722,39860.5018,39893.971
4.57117,30543.3417,39860.5115,39893.7725
4.57578,30543.7071,39860.5211,39893.5755
4.58039,30544.0685,39860.5306,39893.3798
4.585,30544.4258,39860.5399,39893.1855
4.58961,30544.7793,39860.549,39892.9926
4.59422,30545.1287,39860.558,39892.801
4.59883,30545.4744,39860.5669,39892.6108
4.60344,30545.8162,39860.5756,39892.4219
4.60806,30546.1542,39860.5841,39892.2343
4.61267,30546.4884,39860.5925,39892.048
4.61728,30546.819,39860.6008,39891.863
4.62189,30547.1459,39860.609,39891.6793
4.6265,30547.4692,39860.617,39891.4969
4.63111,30547.7889,39860.6249,39891.3158
4.63572,30548.1051,39860.6326,39891.1359
4.64033,30548.4177,39860.6403,39890.9573
4.64494,30548.727,39860.6478,39890.7799
4.64956,30549.0327,39860.6552,39890.6037
4.65417,30549.3351,39860.6624,39890.4287
4.65878,30549.6342,39860.6696,39890.255
4.66339,30549.9299,39860.6766,39890.0825
4.668,30550.2224,39860.6835,39889.9111
4.67261,30550.5117,39860.6903,39889.7409
4.67722,30550.7977,39860.697,39889.5719
4.68183,30551.0806,39860.7036,39889.4041
4.68644,30551.3603,39860.7101,39889.2374
4.69106,30551.637,39860.7164,39889.0719
4.69567,30551.9106,39860.7227,39888.9075
4.70028,30552.1811,39860.7289,39888.7442
4.70489,30552.4487,39860.7349,39888.582
4.7095,30552.7133,39860.7409,39888.421
4.71411,30552.975,39860.7467,39888.261
4.71872,30553.2338,39860.7525,39888.1022
4.72333,30553.4898,39860.7582,39887.9444
4.72794,30553.7429,39860.7638,39887.7877
4.73256,30553.9932,39860.7693,39887.632
4.73717,30554.2407,39860.7747,39887.4775
4.74178,30554.4855,39860.78,39887.3239
4.74639,30554.7276,39860.7852,39887.1714
4.751,30554.967,39860.7904,39887.02
4.75561,30555.2038,39860.7954,39886.8696
4.76022,30555.438,39860.8004,39886.7201
4.76483,30555.6695,39860.8053,39886.5717
4.76944,30555.8985,39860.8101,39886.4243
4.77406,30556.125,39860.8148,39886.2779
4.77867,30556.349,39860.8195,39886.1325
4.78328,30556.5705,39860.8241,39885.9881
4.78789,30556.7896,39860.8286,39885.8446
4.7925,30557.0062,39860.833,39885.7021
4.79711,30557.2205,39860.8374,39885.5606
4.80172,30557.4323,39860.8417,39885.42
4.80633,30557.6419,39860.8459,39885.2803
4.81094,30557.8491,39860.8501,39885.1416
4.81556,30558.054,39860.8542,39885.0038
4.82017,30558.2567,39860.8582,39884.8669
4.82478,30558.4571,39860.8621,39884.7309
4.82939,30558.6554,39860.866,39884.5959
4.834,30558.8514,39860.8698,39884.4617
4.83861,30559.0453,39860.8736,39884.3285
4.84322,30559.237,39860.8773,39884.1961
4.84783,30559.4266,39860.8809,39884.0646
4.85244,30559.6141,39860.8845,39883.934
4.85706,30559.7996,39860.888,39883.8042
4.86167,30559.983,39860.8915,39883.6753
4.86628,30560.1643,39860.8949,39883.5473
4.87089,30560.3437,39860.8983,39883.4201
4.8755,30560.5211,39860.9016,39883.2937
4.88011,30560.6965,39860.9048,39883.1682
4.88472,30560.87,39860.908,39883.0435
4.88933,30561.0416,39860.9111,39882.9196
4.89394,30561.2113,39860.9142,39882.7966
4.89856,30561.3792,39860.9173,39882.6743
4.90317,30561.5451,39860.9203,39882.5529
4.90778,30561.7093,39860.9232,39882.4322
4.91239,30561.8716,39860.9261,39882.3123
4.917,30562.0321,39860.9289,39882.1933
4.92161,30562.1909,39860.9317,39882.075
4.92622,30562.3479,39860.9345,39881.9574
4.93083,30562.5032,39860.9372,39881.8407
4.93544,30562.6568,39860.9399,39881.7247
4.94006,30562.8086,39860.9425,39881.6095
4.94467,30562.9588,39860.9451,39881.495
4.94928,30563.1074,39860.9476,39881.3812
4.95389,30563.2543,39860.9501,39881.2682
4.9585,30563.3996,39860.9525,39881.1559
4.96311,30563.5433,39860.9549,39881.0444
4.96772,30563.6854,39860.9573,39880.9336
4.97233,30563.8259,39860.9597,39880.8235
4.97694,30563.9649,39860.9619,39880.7141
4.98156,30564.1024,39860.9642,39880.6054
4.98617,30564.2383,39860.9664,39880.4974
4.99078,30564.3727,39860.9686,39880.3902
4.99539,30564.5057,39860.9708,39880.2836
5,30564.6372,39860.9729,39880.1777
